title,description,published,link,media,text,topic
"이완규, ‘국민의힘 당적 논란’에 “정당 가입한 적 없다”",헌법 재판관 후보자 지명 이완규 법제처장 민주당 일각 제기 국민의 당적 보유 논란 대하 국민 비롯하 정당 가입 정치 활동 다고 밝히,"Wed, 09 Apr 2025 03:42:04 +0000",https://www.chosun.com/national/court_law/2025/04/09/AHUNWCECKJA3RNVCFOVQ75NIIQ/,조선닷컴,"이완규, ‘국민의힘 당적 논란’에 “정당 가입한 적 없다” 헌법 재판관 후보자 지명 이완규 법제처장 민주당 일각 제기 국민의 당적 보유 논란 대하 국민 비롯하 정당 가입 정치 활동 다고 밝히",0
"민주당 초선들 “韓, 이완규·함상훈 지명 철회 안하면 탄핵 추진""",더불어민주당 초선 의원 모임 더민초 한덕수 대통령 권한 대행 향하 지금 이라도 이완규 함상훈 헌법 재판관 지명 철회 라며 철회 는다면 내란 수괴 아바타 한덕수 총리 탄핵 추진 다고 더민초 최상목 경제 부총리 심우정 검찰 총장 탄핵 어야 ㄴ다고,"Wed, 09 Apr 2025 07:15:17 +0000",https://www.chosun.com/politics/assembly/2025/04/09/NORPAIF3E5BC3OJEVHCIVDFHUI/,조선닷컴,"민주당 초선들 “韓, 이완규·함상훈 지명 철회 안하면 탄핵 추진"" 더불어민주당 초선 의원 모임 더민초 한덕수 대통령 권한 대행 향하 지금 이라도 이완규 함상훈 헌법 재판관 지명 철회 라며 철회 는다면 내란 수괴 아바타 한덕수 총리 탄핵 추진 다고 더민초 최상목 경제 부총리 심우정 검찰 총장 탄핵 어야 ㄴ다고",0
"‘권한대행 헌법재판관 지명 금지’, 민주당 주도 법사위 통과",대통령 권한 대행 대통령 헌법 재판관 지명 도록 헌법 재판소 개정안 더불어민주당 주도 국회 법제 사법 위원회 통과,"Wed, 09 Apr 2025 02:03:47 +0000",https://www.chosun.com/politics/assembly/2025/04/09/F5UIZXAUCVAFJFCBG6ZL7CGHDE/,조선닷컴,"‘권한대행 헌법재판관 지명 금지’, 민주당 주도 법사위 통과 대통령 권한 대행 대통령 헌법 재판관 지명 도록 헌법 재판소 개정안 더불어민주당 주도 국회 법제 사법 위원회 통과",0
민주 “내란 동조 세력의 권한 남용”… 재탄핵으로 가나,더불어민주당 한덕수 대통령 권한 대행 문형배 이미선 헌법 재판관 후임 이완규 법제처장 함상훈 서울고등법원 부장 판사 지명 원천 무효 라며 강력 반발 이재명 대표 이날 대행 대통령 착각 다며 오버 다고 박찬대 원내 대표 윤석열 대통령 국무총리 한덕수 파면 대통령 대신 인사 다고 밖에 다고,"Tue, 08 Apr 2025 13:09:34 +0000",https://www.chosun.com/politics/assembly/2025/04/08/A6R2JIYXFRC4HJNWN3V425N5DQ/,조선닷컴,민주 “내란 동조 세력의 권한 남용”… 재탄핵으로 가나 더불어민주당 한덕수 대통령 권한 대행 문형배 이미선 헌법 재판관 후임 이완규 법제처장 함상훈 서울고등법원 부장 판사 지명 원천 무효 라며 강력 반발 이재명 대표 이날 대행 대통령 착각 다며 오버 다고 박찬대 원내 대표 윤석열 대통령 국무총리 한덕수 파면 대통령 대신 인사 다고 밖에 다고,0
‘대통령 할 일’ 하는 韓대행… 요동치는 정국,한덕수 대통령 권한 대행 국무총리 마용주 법관 후보자 마은혁 헌법 재판관 후보자 임명 이완규 법제처장 함상훈 서울고법 부장 판사 신임 헌법 재판관 후보자 지명 이함 후보자 18 임기 만료 퇴임 문형배이미선 헌법 재판관 후임 재판관 문재인 대통령 지명 임명 대통령 헌법 재판관 대행 대통령 재판관 지명 행사 더불어민주당 대행 위헌 위법 대통령 인사 행사 다고 반발 대행 이날 정부서울청사 주재 국무 회의 앞서 발표 국민 드리 말씀 통하 문형 배이미선 재판관 후임 지명 관련 경제 부총리 대하 탄핵 소추 국회 본회의 의결 상태 헌재 결원 사태 반복 헌재 결정 지연 경우 대선 관리 필수 추경 준비 통상 현안 대응 심대하 차질 불가피하 국론 분열 다시 격화 우려 다고 마용주 법관 마은혁 헌법 재판관 작년 12 국회 인사 청문회 본회의 임명 동의 선출 절차 거치,"Tue, 08 Apr 2025 15:53:46 +0000",https://www.chosun.com/politics/goverment/2025/04/09/SOSAYFOMKBFJ7BKI3MTMM4WOEM/,조선닷컴,‘대통령 할 일’ 하는 韓대행… 요동치는 정국 한덕수 대통령 권한 대행 국무총리 마용주 법관 후보자 마은혁 헌법 재판관 후보자 임명 이완규 법제처장 함상훈 서울고법 부장 판사 신임 헌법 재판관 후보자 지명 이함 후보자 18 임기 만료 퇴임 문형배이미선 헌법 재판관 후임 재판관 문재인 대통령 지명 임명 대통령 헌법 재판관 대행 대통령 재판관 지명 행사 더불어민주당 대행 위헌 위법 대통령 인사 행사 다고 반발 대행 이날 정부서울청사 주재 국무 회의 앞서 발표 국민 드리 말씀 통하 문형 배이미선 재판관 후임 지명 관련 경제 부총리 대하 탄핵 소추 국회 본회의 의결 상태 헌재 결원 사태 반복 헌재 결정 지연 경우 대선 관리 필수 추경 준비 통상 현안 대응 심대하 차질 불가피하 국론 분열 다시 격화 우려 다고 마용주 법관 마은혁 헌법 재판관 작년 12 국회 인사 청문회 본회의 임명 동의 선출 절차 거치,0
대학 때 5·18 실상 알려 ‘유공자’… 尹과 46년 지기,한덕수 대통령 권한 대행 지명 이완규 64 헌법 재판관 후보자 정부 출범 법제처장 임명 재직 후보자 윤석열 대통령 서울대 법대 79 학번 사법 연수원 23 동기 노무현 대통령 재임 검사 대화 참여 검사 출신,"Tue, 08 Apr 2025 16:03:31 +0000",https://www.chosun.com/politics/goverment/2025/04/09/YBZTCMKN5ZEPNHTYFQ3TN3VVII/,조선닷컴,대학 때 5·18 실상 알려 ‘유공자’… 尹과 46년 지기 한덕수 대통령 권한 대행 지명 이완규 64 헌법 재판관 후보자 정부 출범 법제처장 임명 재직 후보자 윤석열 대통령 서울대 법대 79 학번 사법 연수원 23 동기 노무현 대통령 재임 검사 대화 참여 검사 출신,0
권한대행의 ‘대통령 몫’ 첫 지명… 헌재 중도·보수 우위로 바뀌어,한덕수 권한 대행 대통령 헌법 재판관 지명 면서 내세우 표면 이유 헌재 기능 마비 다는 18 문형배이미선 재판관 후임 없이 퇴임 헌재 체제 최소 기능 ㄴ다 때문 대행 그동안 보류 마은혁 헌법 재판관 임명 재판관 이완규 법제처장 함상훈 서울고등법원 부장 판사 지명 헌법 재판소 체제 복구 시키 ㄴ다는,"Tue, 08 Apr 2025 16:03:12 +0000",https://www.chosun.com/politics/politics_general/2025/04/09/N2GJLT4RU5CL7EMERFUSMZI3DQ/,조선닷컴,권한대행의 ‘대통령 몫’ 첫 지명… 헌재 중도·보수 우위로 바뀌어 한덕수 권한 대행 대통령 헌법 재판관 지명 면서 내세우 표면 이유 헌재 기능 마비 다는 18 문형배이미선 재판관 후임 없이 퇴임 헌재 체제 최소 기능 ㄴ다 때문 대행 그동안 보류 마은혁 헌법 재판관 임명 재판관 이완규 법제처장 함상훈 서울고등법원 부장 판사 지명 헌법 재판소 체제 복구 시키 ㄴ다는,0
민주 “한덕수의 헌재 후임 지명 무효... 효력정지 가처분 신청”,더불어민주당 한덕수 대통령 권한 대행 대통령 헌법 재판관 지명 대하 권한 쟁의 심판 효력 정지 처분 신청 통하 지명 원천 무효 밝히 라고 대행 대통령 임명 문형배 이미선 재판관 후임자 이완규 법제처장 함상훈 서울고등법원 부장 판사 지명,"Tue, 08 Apr 2025 03:09:44 +0000",https://www.chosun.com/politics/politics_general/2025/04/08/RFAESLN4ENAMLDVGOO5PRQUQ3Q/,조선닷컴,민주 “한덕수의 헌재 후임 지명 무효... 효력정지 가처분 신청” 더불어민주당 한덕수 대통령 권한 대행 대통령 헌법 재판관 지명 대하 권한 쟁의 심판 효력 정지 처분 신청 통하 지명 원천 무효 밝히 라고 대행 대통령 임명 문형배 이미선 재판관 후임자 이완규 법제처장 함상훈 서울고등법원 부장 판사 지명,0
우원식 “韓대행의 이완규·함상훈 인사청문요청서 안 받겠다”,우원식 국회 의장 한덕수 대통령 권한 대행 국무총리 이완규 법제 처장 함상훈 서울고법 부장 판사 헌법 재판관 후보자 지명 관련 대행 후보자 대하 인사 청문 요청 제출 접수 다고,"Tue, 08 Apr 2025 05:02:37 +0000",https://www.chosun.com/politics/assembly/2025/04/08/ZCUYSEXRHVGPFC2X436OMARZWI/,조선닷컴,우원식 “韓대행의 이완규·함상훈 인사청문요청서 안 받겠다” 우원식 국회 의장 한덕수 대통령 권한 대행 국무총리 이완규 법제 처장 함상훈 서울고법 부장 판사 헌법 재판관 후보자 지명 관련 대행 후보자 대하 인사 청문 요청 제출 접수 다고,0
"이완규, 尹과 대학·연수원 동기...계엄땐 “대통령이란 사람이” 비판",한덕수 대통령 권한 대행 국무총리 헌법 재판관 후보자 지명 이완규 64 법제 처장 윤석열 대통령 지난해 12 비상 계엄 선포 계기 탄핵 소추 대통령 대하 실망감 드러내,"Tue, 08 Apr 2025 03:22:23 +0000",https://www.chosun.com/politics/goverment/2025/04/08/O3HKLZQDYVDFHO5TJ66T6UT3LI/,조선닷컴,"이완규, 尹과 대학·연수원 동기...계엄땐 “대통령이란 사람이” 비판 한덕수 대통령 권한 대행 국무총리 헌법 재판관 후보자 지명 이완규 64 법제 처장 윤석열 대통령 지난해 12 비상 계엄 선포 계기 탄핵 소추 대통령 대하 실망감 드러내",0
"민주 “헌법재판관 지명 韓대행, 정신 나가... 스스로 탄핵 유도”",더불어민주당 한덕수 대통령 권한 대행 대통령 헌법 재판관 지명 대하 위헌 행태 라며 강력 대응 라고 반발 민주당 의원 대행 향하 정신 나가 스스로 탄핵 유도 ㄴ다고,"Tue, 08 Apr 2025 01:33:00 +0000",https://www.chosun.com/politics/assembly/2025/04/08/QOTN4YNVURFBPGI7I7O3BQX6TE/,조선닷컴,"민주 “헌법재판관 지명 韓대행, 정신 나가... 스스로 탄핵 유도” 더불어민주당 한덕수 대통령 권한 대행 대통령 헌법 재판관 지명 대하 위헌 행태 라며 강력 대응 라고 반발 민주당 의원 대행 향하 정신 나가 스스로 탄핵 유도 ㄴ다고",0
"박찬대 “한덕수, 尹 탄핵 국민 뜻 받들어 마은혁 헌법재판관 임명해야”",더불어민주당 박찬대 원내 대표 한덕수 대통령 권한 대행 국무총리 마은혁 헌법 재판관 임명 ㄴ다고 재차 강조,"Tue, 08 Apr 2025 00:58:40 +0000",https://www.chosun.com/politics/politics_general/2025/04/08/KMMBT7JZFFCXNN3IUN4Z7HE7CU/,조선닷컴,"박찬대 “한덕수, 尹 탄핵 국민 뜻 받들어 마은혁 헌법재판관 임명해야” 더불어민주당 박찬대 원내 대표 한덕수 대통령 권한 대행 국무총리 마은혁 헌법 재판관 임명 ㄴ다고 재차 강조",0
"한덕수 차출론까지… 국민의힘, 있는 카드 다 꺼낸다",조기 대선 잠정 확정 면서 국민 주요 대선 주자 대선 경선 출마 의사 속속 밝히 가운데 국민 안팎 한덕수 대통령 권한 대행 경선 나서 어야 ㄴ다는 주장 나오 대행 경제 부총리 거치 국무총리 차례 지내 미국 대사 역임 그런 최근 불거지 글로벌 통상 전쟁 국내 민생 경제 위기 대응 역량 갖추 대선 후보감 대행 정치 참여 생각 알려지 국민 이재명 정권 등장 저지 려면 나서 총력전 임하 ㄴ다며 한덕수 차출 거론 사람,"Mon, 07 Apr 2025 15:55:00 +0000",https://www.chosun.com/politics/assembly/2025/04/08/BTWLP7POKNCNXOJDA3Z7YSUULU/,조선닷컴,"한덕수 차출론까지… 국민의힘, 있는 카드 다 꺼낸다 조기 대선 잠정 확정 면서 국민 주요 대선 주자 대선 경선 출마 의사 속속 밝히 가운데 국민 안팎 한덕수 대통령 권한 대행 경선 나서 어야 ㄴ다는 주장 나오 대행 경제 부총리 거치 국무총리 차례 지내 미국 대사 역임 그런 최근 불거지 글로벌 통상 전쟁 국내 민생 경제 위기 대응 역량 갖추 대선 후보감 대행 정치 참여 생각 알려지 국민 이재명 정권 등장 저지 려면 나서 총력전 임하 ㄴ다며 한덕수 차출 거론 사람",0
"文 정부 때는 해놓고… “韓 대행, 알박기 말라” 민주당, 인사에 제동",박찬대 더불어민주당 원내 대표 한덕수 대통령 권한 대행 향하 정부 출범 고위 공직자 공기업 인사 전면 동결 ㄴ다고 국민 민주당 대통령 권한 대행 정상 권한 행사 라고 협박 다고 민주당 집권 문재인 정부 말기 한상혁 방송 통신 위원장 정기환 한국마사회장 고위 공무원 공기업 임원 인사 점령군 행세 ㄴ다는 주장,"Mon, 07 Apr 2025 15:55:00 +0000",https://www.chosun.com/politics/assembly/2025/04/08/LLW7GEDEPVAJJDPTGEVZWEJKUA/,조선닷컴,"文 정부 때는 해놓고… “韓 대행, 알박기 말라” 민주당, 인사에 제동 박찬대 더불어민주당 원내 대표 한덕수 대통령 권한 대행 향하 정부 출범 고위 공직자 공기업 인사 전면 동결 ㄴ다고 국민 민주당 대통령 권한 대행 정상 권한 행사 라고 협박 다고 민주당 집권 문재인 정부 말기 한상혁 방송 통신 위원장 정기환 한국마사회장 고위 공무원 공기업 임원 인사 점령군 행세 ㄴ다는 주장",0
"김웅 “국힘, 자체 후보 내지 말고 민주당 맞설 ‘국민 후보’ 뽑아야”",김웅 국민 의원 국민 대통령 선거 후보 ㄴ다며 무도하 민주당 일당 맞서 싸우 양심 유능 국민 후보 ㄴ다고 주장,"Sun, 06 Apr 2025 06:04:20 +0000",https://www.chosun.com/politics/assembly/2025/04/06/WY2ZTCZU4RBDTLYCQMNH2YDN2I/,조선닷컴,"김웅 “국힘, 자체 후보 내지 말고 민주당 맞설 ‘국민 후보’ 뽑아야” 김웅 국민 의원 국민 대통령 선거 후보 ㄴ다며 무도하 민주당 일당 맞서 싸우 양심 유능 국민 후보 ㄴ다고 주장",0
"韓대행, 마은혁 헌법재판관 임명… 이완규·함상훈도 지명",한덕수 대통령 권한 대행 국무총리 마용주 법관 후보자 법관 마은혁 헌법 재판관 후보자 헌법 재판관 임명 다고 밝히 18 퇴임 문형배이미선 헌법 재판관 후임 이완규 법제 처장 함상훈 서울고법 부장 판사 지명,"Tue, 08 Apr 2025 01:04:20 +0000",https://www.chosun.com/politics/politics_general/2025/04/08/L52JDI7MYBBN5OK7C32KUTMYGA/,조선닷컴,"韓대행, 마은혁 헌법재판관 임명… 이완규·함상훈도 지명 한덕수 대통령 권한 대행 국무총리 마용주 법관 후보자 법관 마은혁 헌법 재판관 후보자 헌법 재판관 임명 다고 밝히 18 퇴임 문형배이미선 헌법 재판관 후임 이완규 법제 처장 함상훈 서울고법 부장 판사 지명",0
"민주당 “국힘, 내란 사태 책임 안 지면 대선 후보 낼 자격조차 없어”",더불어민주당 김윤덕 사무총장 국민 국민 내란 사태 대하 분명 책임 는다면 대선 후보 자격 다고,"Sun, 06 Apr 2025 03:27:21 +0000",https://www.chosun.com/politics/assembly/2025/04/06/N2TCXP5WINCDLE3EE7EEW6ZFMY/,조선닷컴,"민주당 “국힘, 내란 사태 책임 안 지면 대선 후보 낼 자격조차 없어” 더불어민주당 김윤덕 사무총장 국민 국민 내란 사태 대하 분명 책임 는다면 대선 후보 자격 다고",0
"이완규 “안가 회동 기소사안 아냐”…공수처장 “李, 수사 대상”",한덕수 대통령 권한 대행 국무총리 헌법 재판소 재판관 후보자 지명 이완규 법제처장 국회 법제 사법 위원회 긴급 현안 질의 출석 대행 지명 결정 존중 따름 라고 밝히 윤석열 대통령 측근 비상계엄 선포 대통령 이른바 안가회동 혐의 경찰 수사 처장 기소 사안 라고 반면 오동운 고위 공직자 범죄 수사처장 이날 현안 질의 권한 대행 처장 대하 수사 대상 라고 밝히 처장 대통령 비상계엄 선포 관련 대통령 대학 친구 사이 다면서 책임지 라고 말씀 동의 어렵 라고 2022 법제처장 임명 국민의힘 당원 활동 헌법 재판관 자격 조건 어기 다는 일각 주장 대하 아서 국민 당적 보유 정당 가입 정치 활동 다고,"Wed, 09 Apr 2025 19:46:00 +0900",https://www.donga.com/news/Politics/article/all/20250409/131382329/1,동아닷컴,"이완규 “안가 회동 기소사안 아냐”…공수처장 “李, 수사 대상” 한덕수 대통령 권한 대행 국무총리 헌법 재판소 재판관 후보자 지명 이완규 법제처장 국회 법제 사법 위원회 긴급 현안 질의 출석 대행 지명 결정 존중 따름 라고 밝히 윤석열 대통령 측근 비상계엄 선포 대통령 이른바 안가회동 혐의 경찰 수사 처장 기소 사안 라고 반면 오동운 고위 공직자 범죄 수사처장 이날 현안 질의 권한 대행 처장 대하 수사 대상 라고 밝히 처장 대통령 비상계엄 선포 관련 대통령 대학 친구 사이 다면서 책임지 라고 말씀 동의 어렵 라고 2022 법제처장 임명 국민의힘 당원 활동 헌법 재판관 자격 조건 어기 다는 일각 주장 대하 아서 국민 당적 보유 정당 가입 정치 활동 다고",0
"민주 초선들 “한덕수, 재판관 지명 철회 안하면 탄핵”",더불어민주당 초선 의원 한덕수 대통령 권한 대행 국무총리 이완규 함상훈 헌법 재판관 후보자 지명 철회 으면 대행 탄핵 추진 다고 밝히 민주당 초선 의원 모임 더민초 이날 오후 국회 기자 회견 내란 극복 위하 한덕수 최상목 심우정 탄핵 추진 관련 더불어민주당 초선 의원 성명서 발표 초선 의원 윤석열 파면 이제 국민 직접 선출 정부 존재 는다며 대통령 궐위 따르 권한 대행직 수행 국무총리 대통령 행세 내란 수괴 대리 내란 조기 종식 국정 혼란 수습 협조 라고 한덕수 권한 대행 내란 수괴 지령 이라도 대통령 헌법 재판관 지명 월권 저지르 국정 혼란 가중 시키 다며 헌법 법률 따르 마은혁 헌법 재판관 후보 임명 대통령 중대 고유 권한 행사 자제 라는 헌법 법률 담기 정신 라더니 이제 인사 행사 다고,"Wed, 09 Apr 2025 17:57:00 +0900",https://www.donga.com/news/Politics/article/all/20250409/131382411/2,동아닷컴,"민주 초선들 “한덕수, 재판관 지명 철회 안하면 탄핵” 더불어민주당 초선 의원 한덕수 대통령 권한 대행 국무총리 이완규 함상훈 헌법 재판관 후보자 지명 철회 으면 대행 탄핵 추진 다고 밝히 민주당 초선 의원 모임 더민초 이날 오후 국회 기자 회견 내란 극복 위하 한덕수 최상목 심우정 탄핵 추진 관련 더불어민주당 초선 의원 성명서 발표 초선 의원 윤석열 파면 이제 국민 직접 선출 정부 존재 는다며 대통령 궐위 따르 권한 대행직 수행 국무총리 대통령 행세 내란 수괴 대리 내란 조기 종식 국정 혼란 수습 협조 라고 한덕수 권한 대행 내란 수괴 지령 이라도 대통령 헌법 재판관 지명 월권 저지르 국정 혼란 가중 시키 다며 헌법 법률 따르 마은혁 헌법 재판관 후보 임명 대통령 중대 고유 권한 행사 자제 라는 헌법 법률 담기 정신 라더니 이제 인사 행사 다고",0
"“헌법재판관, 한덕수가 고르지 않았을 것” [정치를 부탁해]",동아일보 정치 라이브 정치 부탁 일시 수요일 오전 1011 브리핑 김성모 동아일보 기자 토크 서용주 정치 사회 연구소 소장 윤희석 국민의힘 선임 대변인 진행 연출 유근 심성주 동아일보 유튜브 여의도 부탁 전문 유근형 정치 부탁 드리 ㅂ니다 여의도 부탁 ㅂ니다 오늘 토크 서영주 정치 사회 연구소장 나오 서용주 안녕 어요 유근형 윤희석 국민의힘 선임 대변인 나오 윤희석 안녕 어요 유근형 대변인 지난주 금요일 탄핵 특별 방송 방송 출연 는데 반응 엄청 뜨겁 역대 최고 접속자 기록 그러 더라고 감사 드리 윤희석 때문 그런 은데 유근형 대변인 ㅂ니다 윤희석 그렇 어요 서용주 대변인,"Wed, 09 Apr 2025 15:05:00 +0900",https://www.donga.com/news/Politics/article/all/20250409/131378696/1,동아닷컴,"“헌법재판관, 한덕수가 고르지 않았을 것” [정치를 부탁해] 동아일보 정치 라이브 정치 부탁 일시 수요일 오전 1011 브리핑 김성모 동아일보 기자 토크 서용주 정치 사회 연구소 소장 윤희석 국민의힘 선임 대변인 진행 연출 유근 심성주 동아일보 유튜브 여의도 부탁 전문 유근형 정치 부탁 드리 ㅂ니다 여의도 부탁 ㅂ니다 오늘 토크 서영주 정치 사회 연구소장 나오 서용주 안녕 어요 유근형 윤희석 국민의힘 선임 대변인 나오 윤희석 안녕 어요 유근형 대변인 지난주 금요일 탄핵 특별 방송 방송 출연 는데 반응 엄청 뜨겁 역대 최고 접속자 기록 그러 더라고 감사 드리 윤희석 때문 그런 은데 유근형 대변인 ㅂ니다 윤희석 그렇 어요 서용주 대변인",0
이완규 “헌재 파면 결정 승복…尹 승복않는 이유 모르겠다”,헌법 재판관 후보자 지명 이완규 법제처장 헌법 재판소 윤석열 대통령 파면 결정 대하 승복 ㄴ다고 밝히 처장 이날 국회 법제 사법 위원회 전체 회의 출석 헌재 판결 승복 밖에 라며 이렇 처장 박지원 더불어민주당 의원 헌법 재판관 후보자 사퇴 대통령 변호사 라고 촉구 대통령 탄핵 심판 탄핵 인용 어서 파면 대하 아서 이견 다고 대신 더불어민주당 소속 정청래 법제 사법 위원장 승복 ㄴ다는 냐고 처장 헌재 판결 승복 밖에 불복 거나 그렇 재판 라고 위원장 처장 승복 ㄴ다는데 대통령 승복 ㄴ다는 라고 지적 처장 그것 답변 성질 라고 위원장 미루 짐작 라고 재차 처장 모르 다고,"Wed, 09 Apr 2025 14:37:00 +0900",https://www.donga.com/news/Politics/article/all/20250409/131379334/1,동아닷컴,이완규 “헌재 파면 결정 승복…尹 승복않는 이유 모르겠다” 헌법 재판관 후보자 지명 이완규 법제처장 헌법 재판소 윤석열 대통령 파면 결정 대하 승복 ㄴ다고 밝히 처장 이날 국회 법제 사법 위원회 전체 회의 출석 헌재 판결 승복 밖에 라며 이렇 처장 박지원 더불어민주당 의원 헌법 재판관 후보자 사퇴 대통령 변호사 라고 촉구 대통령 탄핵 심판 탄핵 인용 어서 파면 대하 아서 이견 다고 대신 더불어민주당 소속 정청래 법제 사법 위원장 승복 ㄴ다는 냐고 처장 헌재 판결 승복 밖에 불복 거나 그렇 재판 라고 위원장 처장 승복 ㄴ다는데 대통령 승복 ㄴ다는 라고 지적 처장 그것 답변 성질 라고 위원장 미루 짐작 라고 재차 처장 모르 다고,0
"헌재, ‘이완규·함상훈 지명’ 헌법소원·효력정지 가처분 접수",한덕수 대통령 권한 대행 국무총리 이완규 법제 처장 함상훈 서울고법 부장 판사 헌법 재판관 후보자 지명 대하 헌법 소원 효력 정지 처분 신청 제기 법무 법인 도담 김정환 변호사 이날 헌법 재판소 권한 대행 헌법 재판관 지명 관련 헌법 소원 효력 정지 처분 신청 접수 다고 밝히 권한 대행 18 임기 종료 문형배 이미선 헌법 재판관 후임 처장 부장 판사 지명 권한 대행 대통령 헌법 재판관 지명 헌정사 처음 권한 대행 라는 논란 더불어민주당 강하 반발 지명 철회 요구 이날 국회 법제 사법 위원회 대통령 권한 대행 대통령 헌법 재판관 지명 도록 헌법 재판소 개정안 민주당 주도 통과,"Wed, 09 Apr 2025 13:16:00 +0900",https://www.donga.com/news/Society/article/all/20250409/131378545/2,동아닷컴,"헌재, ‘이완규·함상훈 지명’ 헌법소원·효력정지 가처분 접수 한덕수 대통령 권한 대행 국무총리 이완규 법제 처장 함상훈 서울고법 부장 판사 헌법 재판관 후보자 지명 대하 헌법 소원 효력 정지 처분 신청 제기 법무 법인 도담 김정환 변호사 이날 헌법 재판소 권한 대행 헌법 재판관 지명 관련 헌법 소원 효력 정지 처분 신청 접수 다고 밝히 권한 대행 18 임기 종료 문형배 이미선 헌법 재판관 후임 처장 부장 판사 지명 권한 대행 대통령 헌법 재판관 지명 헌정사 처음 권한 대행 라는 논란 더불어민주당 강하 반발 지명 철회 요구 이날 국회 법제 사법 위원회 대통령 권한 대행 대통령 헌법 재판관 지명 도록 헌법 재판소 개정안 민주당 주도 통과",0
"이재명, 韓대행에 “욕심 앞서 어처구니없는 실수…해괴망측”",더불어민주당 이재명 대표 한덕수 대통령 권한 대행 국무총리 대통령 헌법 재판관 지명 대하 욕심 의욕 앞서 어처구니없 실수 다고 비판 대표 이날 서울 여의도 국회 열리 최고 위원 회의 권한 대행 헌법 행위 관련 논란 다며 밝히 법학 공부 사람 대체로 ㄴ데 행정법 교과서 행정 행위 취소 무효 라는 항목 중요 부분 차지 ㄴ다며 그중 무효 대표 사례 사례 권한 행위 라고 설명 무효 행위 특별 조치 없이 그냥 무효 라며 임명 아무리 아도 소용 없이 그냥 무효 라고 강조 그러 면서 권한 대행 향하 무리 행위 는지 모르 다며 이익 위하 꼼수 몰두 보다 국민 관심 바라 ㄴ다고 촉구 권한 대행 국민 공복 책임감 이라도 으면 해괴망측 혼란 초래,"Wed, 09 Apr 2025 10:38:00 +0900",https://www.donga.com/news/Politics/article/all/20250409/131377734/2,동아닷컴,"이재명, 韓대행에 “욕심 앞서 어처구니없는 실수…해괴망측” 더불어민주당 이재명 대표 한덕수 대통령 권한 대행 국무총리 대통령 헌법 재판관 지명 대하 욕심 의욕 앞서 어처구니없 실수 다고 비판 대표 이날 서울 여의도 국회 열리 최고 위원 회의 권한 대행 헌법 행위 관련 논란 다며 밝히 법학 공부 사람 대체로 ㄴ데 행정법 교과서 행정 행위 취소 무효 라는 항목 중요 부분 차지 ㄴ다며 그중 무효 대표 사례 사례 권한 행위 라고 설명 무효 행위 특별 조치 없이 그냥 무효 라며 임명 아무리 아도 소용 없이 그냥 무효 라고 강조 그러 면서 권한 대행 향하 무리 행위 는지 모르 다며 이익 위하 꼼수 몰두 보다 국민 관심 바라 ㄴ다고 촉구 권한 대행 국민 공복 책임감 이라도 으면 해괴망측 혼란 초래",0
"한덕수 권한대행, 대통령몫 헌재 2인 지명… 민주 “명백한 월권”",한덕수 대통령 권한 대행 국무총리 18 임기 종료 문형배 헌법 재판소장 직무 대행 이미선 헌법 재판관 후임 이완규 법제 처장 64 사법 연수원 23 기과 함상훈 서울고법 부장 판사 58 21 지명 권한 대행 대통령 헌법 재판관 지명 헌정사 전례 권한 대행 월권 라는 논란 나오 가운데 국회 더불어민주당 지명 철회 요구 대응 예고 권한 대행 이날 국민 드리 말씀 라는 입장 처장 부장 판사 지명 ㄴ다고 밝히 권한 대행 국회 추천 마은혁 재판관 지난해 12 27 국회 임명 동의 통과 마용주 법관 이날 임명 처장 부장 판사 문재인 대통령 지명 임명 재판관 재판관 후임 대통령 지명 임명 행사 자리 권한 대행 지난해 12 26 대통령 권한 대행 대통령 중대 고유 권한 행사 자제 라는,"Wed, 09 Apr 2025 03:00:00 +0900",https://www.donga.com/news/Politics/article/all/20250409/131376332/2,동아닷컴,"한덕수 권한대행, 대통령몫 헌재 2인 지명… 민주 “명백한 월권” 한덕수 대통령 권한 대행 국무총리 18 임기 종료 문형배 헌법 재판소장 직무 대행 이미선 헌법 재판관 후임 이완규 법제 처장 64 사법 연수원 23 기과 함상훈 서울고법 부장 판사 58 21 지명 권한 대행 대통령 헌법 재판관 지명 헌정사 전례 권한 대행 월권 라는 논란 나오 가운데 국회 더불어민주당 지명 철회 요구 대응 예고 권한 대행 이날 국민 드리 말씀 라는 입장 처장 부장 판사 지명 ㄴ다고 밝히 권한 대행 국회 추천 마은혁 재판관 지난해 12 27 국회 임명 동의 통과 마용주 법관 이날 임명 처장 부장 판사 문재인 대통령 지명 임명 재판관 재판관 후임 대통령 지명 임명 행사 자리 권한 대행 지난해 12 26 대통령 권한 대행 대통령 중대 고유 권한 행사 자제 라는",0
"재판관 임명 거부했던 韓대행, 전례없는 대통령 인사권 행사",한덕수 대통령 권한 대행 국무총리 대통령 헌법 재판관 후보자 지명 윤석열 대통령 파면 대통령 궐위 상태 권한 대행 권한 역할 폭넓 행사 다고 해석 따르 풀이 ㄴ다 법조 권한 대행 역할 현상 유지 그치 어야지 대통령 권한 적극 행사 ㄴ다는 의견 실제로 박근혜 대통령 탄핵 당시 국회 추천 대통령 추천 재판관 대하 지명 차기 정부 미루 일각 지난해 12 국회 추천 헌법 재판관 임명 거부 다가 탄핵 소추 권한 대행 정반대 결정 내리 다양 정치 해석 내놓 법조 월권 vs 검토 숙고 거치 권한 대행 대통령 궐위 거나 사고 인하 직무 수행 국무총리 법률 정하 국무 위원 순서 권한 대행 ㄴ다는 헌법 71 규정 근거 대통령 재판관 후보자,"Wed, 09 Apr 2025 03:00:00 +0900",https://www.donga.com/news/Politics/article/all/20250409/131376056/2,동아닷컴,"재판관 임명 거부했던 韓대행, 전례없는 대통령 인사권 행사 한덕수 대통령 권한 대행 국무총리 대통령 헌법 재판관 후보자 지명 윤석열 대통령 파면 대통령 궐위 상태 권한 대행 권한 역할 폭넓 행사 다고 해석 따르 풀이 ㄴ다 법조 권한 대행 역할 현상 유지 그치 어야지 대통령 권한 적극 행사 ㄴ다는 의견 실제로 박근혜 대통령 탄핵 당시 국회 추천 대통령 추천 재판관 대하 지명 차기 정부 미루 일각 지난해 12 국회 추천 헌법 재판관 임명 거부 다가 탄핵 소추 권한 대행 정반대 결정 내리 다양 정치 해석 내놓 법조 월권 vs 검토 숙고 거치 권한 대행 대통령 궐위 거나 사고 인하 직무 수행 국무총리 법률 정하 국무 위원 순서 권한 대행 ㄴ다는 헌법 71 규정 근거 대통령 재판관 후보자",0
"민주 “韓 대통령 행세, 尹이 배후… 효력정지 가처분 신청”",더불어민주당 한덕수 대통령 권한 대행 대통령 헌법 재판관 후보자 지명 대하 정신 나가 다며 격하 반응 이재명 대표 권한 대행 겨냥 토끼 호랑이 들어가 ㄴ다고 호랑이 다라며 세우 민주당 권한 쟁의 심판 효력 정지 처분 신청 검토 ㄴ다는 방침 대표 문형배 이미선 헌법 재판관 후임 이완규 법제처장 함상훈 서울고법 부장 판사 지명 대하 헌법 재판소 구성 선출 대통령 선출 국회 임명 중립 법원 임명 아서 구성 라고 선거 뽑히 국무총리 헌법 재판관 임명 다는 강조 황정아 대변인 권한 대행 헌법 재판관 지명 라니 정신 나가 아도 한참 나가 다고 비판 국회 법제 사법 위원장 정청래 의원 국무총리 대통령 행세 라고 민주당 처장 윤석열 대통령 측근 라는 문제 조승래 수석 대변인,"Wed, 09 Apr 2025 03:00:00 +0900",https://www.donga.com/news/Politics/article/all/20250409/131376054/2,동아닷컴,"민주 “韓 대통령 행세, 尹이 배후… 효력정지 가처분 신청” 더불어민주당 한덕수 대통령 권한 대행 대통령 헌법 재판관 후보자 지명 대하 정신 나가 다며 격하 반응 이재명 대표 권한 대행 겨냥 토끼 호랑이 들어가 ㄴ다고 호랑이 다라며 세우 민주당 권한 쟁의 심판 효력 정지 처분 신청 검토 ㄴ다는 방침 대표 문형배 이미선 헌법 재판관 후임 이완규 법제처장 함상훈 서울고법 부장 판사 지명 대하 헌법 재판소 구성 선출 대통령 선출 국회 임명 중립 법원 임명 아서 구성 라고 선거 뽑히 국무총리 헌법 재판관 임명 다는 강조 황정아 대변인 권한 대행 헌법 재판관 지명 라니 정신 나가 아도 한참 나가 다고 비판 국회 법제 사법 위원장 정청래 의원 국무총리 대통령 행세 라고 민주당 처장 윤석열 대통령 측근 라는 문제 조승래 수석 대변인",0
국힘 “韓대행의 용단” 사전교감 가능성,국민 권성동 원내 대표 한덕수 대통령 권한 대행 국무총리 대통령 헌법 재판관 후보자 이완규 법제처장 함상훈 서울고법 부장 판사 지명 대하 용단 내리 라며 환영 원내 대표 이날 국회 기자 만나 권한 대행 대통령 헌법 재판관 임명 느냐 논란 여지 지난번 최상목 대행 이미 국회 헌법 재판관 임명 때문 논란 일단락 ㄴ가 생각 ㄴ다며 밝히 원내 대표 처장 대하 그야말로 미스터 법질서 미스터 클린 라며 법리 헌법 이념 직무 충실 라고 그러 면서 더불어민주당 추천 마은혁 헌법 재판관 비교 천양지차 라고 검사 출신 처장 윤석열 대통령 사법 연수원 동기 측근 인사 지난해 국민의힘 여당 헌법 재판관 처장 추천 검토 원내 대표 민주당 후보 임명 려고,"Wed, 09 Apr 2025 03:00:00 +0900",https://www.donga.com/news/Politics/article/all/20250409/131376052/2,동아닷컴,국힘 “韓대행의 용단” 사전교감 가능성 국민 권성동 원내 대표 한덕수 대통령 권한 대행 국무총리 대통령 헌법 재판관 후보자 이완규 법제처장 함상훈 서울고법 부장 판사 지명 대하 용단 내리 라며 환영 원내 대표 이날 국회 기자 만나 권한 대행 대통령 헌법 재판관 임명 느냐 논란 여지 지난번 최상목 대행 이미 국회 헌법 재판관 임명 때문 논란 일단락 ㄴ가 생각 ㄴ다며 밝히 원내 대표 처장 대하 그야말로 미스터 법질서 미스터 클린 라며 법리 헌법 이념 직무 충실 라고 그러 면서 더불어민주당 추천 마은혁 헌법 재판관 비교 천양지차 라고 검사 출신 처장 윤석열 대통령 사법 연수원 동기 측근 인사 지난해 국민의힘 여당 헌법 재판관 처장 추천 검토 원내 대표 민주당 후보 임명 려고,0
"이완규, 계엄 다음날 ‘안가 모임’… 피의자로 조사 받아",한덕수 대통령 권한 대행 국무총리 윤석열 대통령 측근 이완규 법제처장 64 사법 연수원 23 기을 헌법 재판소 재판관 후보자 지명 논란 처장 비상계엄 선포 지난해 12 이른바 삼청동 안가 회동 참석 휴대 전화 교체 비상계엄 공모 의혹 헌재 재판관 임명 어서 ㄴ다는 지적 나오 ㄴ다 특히 처장 대통령 탄핵 심판 형사 재판 결과 나오 중단 어야 ㄴ다는 주장 펼치 탄핵 국면 대통령 적극 옹호 경찰 내란 방조 피의자 조사 처장 1994 서울중앙지검 시작 24 검사 재직 대검 형사 과장 서울북부지검 차장 검사 인천지검 부천지청장 거치 독일 유학 형사법 관련 저서 형사법 이론가 꼽히 헌법 관련 전문 부족 다는 평가 법조 처장 경력 이나 전문 보다 대통령 인연 주목,"Wed, 09 Apr 2025 03:00:00 +0900",https://www.donga.com/news/Society/article/all/20250409/131376058/2,동아닷컴,"이완규, 계엄 다음날 ‘안가 모임’… 피의자로 조사 받아 한덕수 대통령 권한 대행 국무총리 윤석열 대통령 측근 이완규 법제처장 64 사법 연수원 23 기을 헌법 재판소 재판관 후보자 지명 논란 처장 비상계엄 선포 지난해 12 이른바 삼청동 안가 회동 참석 휴대 전화 교체 비상계엄 공모 의혹 헌재 재판관 임명 어서 ㄴ다는 지적 나오 ㄴ다 특히 처장 대통령 탄핵 심판 형사 재판 결과 나오 중단 어야 ㄴ다는 주장 펼치 탄핵 국면 대통령 적극 옹호 경찰 내란 방조 피의자 조사 처장 1994 서울중앙지검 시작 24 검사 재직 대검 형사 과장 서울북부지검 차장 검사 인천지검 부천지청장 거치 독일 유학 형사법 관련 저서 형사법 이론가 꼽히 헌법 관련 전문 부족 다는 평가 법조 처장 경력 이나 전문 보다 대통령 인연 주목",0
궐위됐으니 인사권 가능? “법적 근거 없어” [헌법재판관 지명 후폭풍],대통령 권한 대행 한덕수 국무총리 대통령 헌법 재판관 지명 권한 대행 권한 역할 대하 논란 법조 따르 대통령 권한 대행 대통령 가지 국군 통수 비롯하 조약 체결 비준 선전 포고 긴급 명령 긴급 재정 경제 명령 발동 계엄 선포 공무원 임면 사면 재의 요구 거부 행사,"Wed,9 Apr 2025 19:00:00 +0900",https://www.segye.com/newsView/20250409517205,세계일보,궐위됐으니 인사권 가능? “법적 근거 없어” [헌법재판관 지명 후폭풍] 대통령 권한 대행 한덕수 국무총리 대통령 헌법 재판관 지명 권한 대행 권한 역할 대하 논란 법조 따르 대통령 권한 대행 대통령 가지 국군 통수 비롯하 조약 체결 비준 선전 포고 긴급 명령 긴급 재정 경제 명령 발동 계엄 선포 공무원 임면 사면 재의 요구 거부 행사,0
"‘韓, 재판관 지명 무효화’ 헌재법, 민주 주도로 법사위 통과 [헌법재판관 지명 후폭풍]",더불어민주당 대통령 권한 대행 한덕수 국무총리 헌법 재판관 지명 즉각 철회 ㄴ다고 강력 질타 대표 사퇴 마지막 최고 위원 회의 주재 이재명 대표 권한 무효 행위 라며 권한 대행 헌법 재판관 지명 비판 고위 권한 대행 성토장 방불하 민주당 권한 대행 이른바 헌법 재판관 알박기,"Wed,9 Apr 2025 18:16:57 +0900",https://www.segye.com/newsView/20250409517207,세계일보,"‘韓, 재판관 지명 무효화’ 헌재법, 민주 주도로 법사위 통과 [헌법재판관 지명 후폭풍] 더불어민주당 대통령 권한 대행 한덕수 국무총리 헌법 재판관 지명 즉각 철회 ㄴ다고 강력 질타 대표 사퇴 마지막 최고 위원 회의 주재 이재명 대표 권한 무효 행위 라며 권한 대행 헌법 재판관 지명 비판 고위 권한 대행 성토장 방불하 민주당 권한 대행 이른바 헌법 재판관 알박기",0
"이철규, '알박기' 논란에 ""尹 파면 전 인사는 현 정부가 해야""",국민의 소속 이철규 국회 산업 통상 자원 중소 벤처 기업 위원회 위원장 산업 통상 자원부 중소 벤처 기업부 산하 기관 정부 인사 이른바 알박 다는 논란 관련 윤석열 대통령 탄핵 인용 이전 모집 공고 나오 대하 아서 정부 임명 제안 위원장 이날 국회 열리 산자 중기위 전체 회의 갑자기,"Wed,9 Apr 2025 18:15:45 +0900",https://www.segye.com/newsView/20250409518309,세계일보,"이철규, '알박기' 논란에 ""尹 파면 전 인사는 현 정부가 해야"" 국민의 소속 이철규 국회 산업 통상 자원 중소 벤처 기업 위원회 위원장 산업 통상 자원부 중소 벤처 기업부 산하 기관 정부 인사 이른바 알박 다는 논란 관련 윤석열 대통령 탄핵 인용 이전 모집 공고 나오 대하 아서 정부 임명 제안 위원장 이날 국회 열리 산자 중기위 전체 회의 갑자기",0
"민주당 초선 “韓대행, 대통령몫 헌재재판관 지명철회 안하면 탄핵”",더불어민주당 초선 의원 모임 더민초 한덕수 대통령 권한 대행 국무총리 향하 지금 이라도 이완규 함상훈 헌법 재판관 후보자 지명 철회 라며 철회 는다면,"Wed, 09 Apr 2025 16:47:26 +09:00",https://www.mk.co.kr/news/politics/11287110,매일경제,"민주당 초선 “韓대행, 대통령몫 헌재재판관 지명철회 안하면 탄핵” 더불어민주당 초선 의원 모임 더민초 한덕수 대통령 권한 대행 국무총리 향하 지금 이라도 이완규 함상훈 헌법 재판관 후보자 지명 철회 라며 철회 는다면",0
민주당 “헌법재판관 후보자 청문회 보이콧 검토”,헌법 재판관 임명 저지 추경 당부더불어민주당 한덕수 대통령 권한 대행 국무총리 헌법 재판관 후보자 지명 이완규 법제 처장 함상훈 서울고법 부장 판사 국회 인사 청문회,"Wed, 09 Apr 2025 13:31:34 +09:00",https://www.mk.co.kr/news/politics/11286797,매일경제,민주당 “헌법재판관 후보자 청문회 보이콧 검토” 헌법 재판관 임명 저지 추경 당부더불어민주당 한덕수 대통령 권한 대행 국무총리 헌법 재판관 후보자 지명 이완규 법제 처장 함상훈 서울고법 부장 판사 국회 인사 청문회,0
추미애 “한덕수 다시 탄핵해야…노회한 기회주의자의 끝판왕”,추미애 더불어민주당 의원 한덕수 대통령 권한 대행 국무총리 탄핵 필요 다고 주장 의원 페이스북 한덕수 다시 탄핵 아서 불법 내란 연속,"Wed, 09 Apr 2025 11:19:30 +09:00",https://www.mk.co.kr/news/politics/11286728,매일경제,추미애 “한덕수 다시 탄핵해야…노회한 기회주의자의 끝판왕” 추미애 더불어민주당 의원 한덕수 대통령 권한 대행 국무총리 탄핵 필요 다고 주장 의원 페이스북 한덕수 다시 탄핵 아서 불법 내란 연속,0
[속보] 헌법재판관 임기연장법 법사위 의결…국민의힘 반발,국회 법제 사법 위원회 전체 회의 후임 임명 헌법 재판관 임기 연장 대통령 권한 대행 대통령 재판관 임명 제한 내용 헌법 재판소 개정안,"Wed, 09 Apr 2025 11:09:45 +09:00",https://www.mk.co.kr/news/politics/11286689,매일경제,[속보] 헌법재판관 임기연장법 법사위 의결…국민의힘 반발 국회 법제 사법 위원회 전체 회의 후임 임명 헌법 재판관 임기 연장 대통령 권한 대행 대통령 재판관 임명 제한 내용 헌법 재판소 개정안,0
"서울고법, 허은아 항고 기각…개혁신당 “이준석 중심으로”",허은아 개혁 대표 물러나 당원 소환 투표 효력 멈추 라며 처분 신청 항고심 받아들이 법조 따르 서울고법 민사 252,"Tue, 08 Apr 2025 22:23:56 +09:00",https://www.mk.co.kr/news/politics/11286358,매일경제,"서울고법, 허은아 항고 기각…개혁신당 “이준석 중심으로” 허은아 개혁 대표 물러나 당원 소환 투표 효력 멈추 라며 처분 신청 항고심 받아들이 법조 따르 서울고법 민사 252",0
“수사결과 발표하라”…故 장제원 ‘공소권 없음’ 결정에 여성단체 반발,여성 단체 장제원 의원 성폭력 의혹 수사 결과 발표 라고 요구 한국성폭력상담소 한국여성의전화 장제원 의원 성폭력 사건 수사 종결 성폭력 가하,"Tue, 08 Apr 2025 22:00:25 +09:00",https://www.mk.co.kr/news/politics/11286332,매일경제,“수사결과 발표하라”…故 장제원 ‘공소권 없음’ 결정에 여성단체 반발 여성 단체 장제원 의원 성폭력 의혹 수사 결과 발표 라고 요구 한국성폭력상담소 한국여성의전화 장제원 의원 성폭력 사건 수사 종결 성폭력 가하,0
‘안가 회동’ 이완규 ‘내란 방조 혐의’ 피의자 신분…경찰 “수사 진행중”,헌법 재판관 후보자 지명 이완규 법제처장 피의자 신분 경찰 수사 대상 확인 정계 법조 따르 이완규 처장 윤석열 대통령 123 비상,"Tue, 08 Apr 2025 17:59:52 +09:00",https://www.mk.co.kr/news/politics/11286126,매일경제,‘안가 회동’ 이완규 ‘내란 방조 혐의’ 피의자 신분…경찰 “수사 진행중” 헌법 재판관 후보자 지명 이완규 법제처장 피의자 신분 경찰 수사 대상 확인 정계 법조 따르 이완규 처장 윤석열 대통령 123 비상,0
"민주 ""韓 재판관 지명은 위헌"" 권한쟁의·가처분 신청 예고",한덕수 대통령 권한 대행 국무총리 대통령 헌법 재판관 후임자 이완규 법제처장 함상훈 서울고등법원 부장 판사 지명 더불어민주당 권한 쟁의 심판 효력 정지 처분 신청,"Tue, 08 Apr 2025 17:59:24 +09:00",https://www.mk.co.kr/news/politics/11286124,매일경제,"민주 ""韓 재판관 지명은 위헌"" 권한쟁의·가처분 신청 예고 한덕수 대통령 권한 대행 국무총리 대통령 헌법 재판관 후임자 이완규 법제처장 함상훈 서울고등법원 부장 판사 지명 더불어민주당 권한 쟁의 심판 효력 정지 처분 신청",0
"“‘국힘 활동’ 사실이면 헌법재판관 자격없다”…박지원, 이완규 직격",박지원 더불어민주당 의원 헌법 재판관 후보자 지명 이완규 법제처장 향하 국민의힘 당원 활동 기간 일자 공개 라고 요구 박지원 의원 이날 페이스,"Tue, 08 Apr 2025 17:36:13 +09:00",https://www.mk.co.kr/news/politics/11286000,매일경제,"“‘국힘 활동’ 사실이면 헌법재판관 자격없다”…박지원, 이완규 직격 박지원 더불어민주당 의원 헌법 재판관 후보자 지명 이완규 법제처장 향하 국민의힘 당원 활동 기간 일자 공개 라고 요구 박지원 의원 이날 페이스",0
한덕수 “대선의 ‘ㄷ’도 꺼내지마라”…여의도發 출마설 일축,정치 일각 한덕수 대통령 권한 대행 국무총리 조기 대선 출마 거론 가운데 대행 출마 의사 다는 명확히 전하 정부 관계자 따르,"Tue, 08 Apr 2025 17:07:23 +09:00",https://www.mk.co.kr/news/politics/11285961,매일경제,한덕수 “대선의 ‘ㄷ’도 꺼내지마라”…여의도發 출마설 일축 정치 일각 한덕수 대통령 권한 대행 국무총리 조기 대선 출마 거론 가운데 대행 출마 의사 다는 명확히 전하 정부 관계자 따르,0
"윤건영 “韓 대행, 헌법재판관 인사는 윤석열 오더…尹의 반격 시작됐다”",윤건영 더불어민주당 의원 한덕수 대통령 권한 대행 국무총리 대통령 헌법 재판관 후보자 지명 한남동 버티 윤석열 더라고 주장 의원,"Tue, 08 Apr 2025 16:01:32 +09:00",https://www.mk.co.kr/news/politics/11285845,매일경제,"윤건영 “韓 대행, 헌법재판관 인사는 윤석열 오더…尹의 반격 시작됐다” 윤건영 더불어민주당 의원 한덕수 대통령 권한 대행 국무총리 대통령 헌법 재판관 후보자 지명 한남동 버티 윤석열 더라고 주장 의원",0
선 넘은 김에 대선까지? 한덕수 대망론 불 지피는 친윤계,탄핵 출마 가능 이재명 항마 다는 위기감 표출 국민 일각 한덕수 대통령 권한 대행 국무총리 조기 대선 출마 ㄴ다는 주장 나오 ㄴ다 여권 대선 주자 유력 주자 이재명 더불어민주당 대표 대등 경쟁 구도 형성 못하 대하 당내 위기감 보이 ㄴ다는 분석 나오 ㄴ다 권성동 원내 대표 국회,2025-04-09T20:42:01+09:00,https://www.khan.co.kr/article/202504092042015/?utm_source=khan_rss&utm_medium=rss&utm_campaign=politic_news,경향닷컴,선 넘은 김에 대선까지? 한덕수 대망론 불 지피는 친윤계 탄핵 출마 가능 이재명 항마 다는 위기감 표출 국민 일각 한덕수 대통령 권한 대행 국무총리 조기 대선 출마 ㄴ다는 주장 나오 ㄴ다 여권 대선 주자 유력 주자 이재명 더불어민주당 대표 대등 경쟁 구도 형성 못하 대하 당내 위기감 보이 ㄴ다는 분석 나오 ㄴ다 권성동 원내 대표 국회,0
‘권한대행 재판관 지명 금지법’ 민주당 주도 법사위 통과,퇴임 앞두 재판관 임기 연장 조항 임명 저지 총력 국회 의장실 대행 상대 권한 쟁의 심판 조치 고려 더불어민주당 대통령 헌법 재판관 지명 이완규 법제처장 임명 저지 총력전 나서 대통령 권한 대행 대통령 헌법 재판관 임명 도록 법안 이날 국회 상임 위원회 문턱 한덕수 대통령 권한 대행,2025-04-09T20:37:01+09:00,https://www.khan.co.kr/article/202504092037015/?utm_source=khan_rss&utm_medium=rss&utm_campaign=politic_news,경향닷컴,‘권한대행 재판관 지명 금지법’ 민주당 주도 법사위 통과 퇴임 앞두 재판관 임기 연장 조항 임명 저지 총력 국회 의장실 대행 상대 권한 쟁의 심판 조치 고려 더불어민주당 대통령 헌법 재판관 지명 이완규 법제처장 임명 저지 총력전 나서 대통령 권한 대행 대통령 헌법 재판관 임명 도록 법안 이날 국회 상임 위원회 문턱 한덕수 대통령 권한 대행,0
"민주당 “내란 피의자 이완규, 기소 땐 심각” 맹공…이, 사퇴 일축",처장 법사위 긴급 현안 한덕수 대행 결정 존중 헌법 재판관 질문 다고 대행 엄호 나서 국민의힘 대통령 권한 행사 가능 주장 더불어민주당 국민 국회 법제 사법 위원회 긴급 현안 질의 한덕수 대통령 권한 대행 국무총리 이완규 법제처장 헌법 재판관 후보자 지명 정면충돌 민주당,2025-04-09T20:37:00+09:00,https://www.khan.co.kr/article/202504092037005/?utm_source=khan_rss&utm_medium=rss&utm_campaign=politic_news,경향닷컴,"민주당 “내란 피의자 이완규, 기소 땐 심각” 맹공…이, 사퇴 일축 처장 법사위 긴급 현안 한덕수 대행 결정 존중 헌법 재판관 질문 다고 대행 엄호 나서 국민의힘 대통령 권한 행사 가능 주장 더불어민주당 국민 국회 법제 사법 위원회 긴급 현안 질의 한덕수 대통령 권한 대행 국무총리 이완규 법제처장 헌법 재판관 후보자 지명 정면충돌 민주당",0
"[포토뉴스] 헌법재판관 임명, 한덕수의 ‘그땐 틀리고 지금은 맞다’",한덕수 대통령 권한 대행 국무총리 대통령 헌법 재판관 지명 이완규 법제처장 국회 법제 사법 위원회 현안 질의 출석 지난해 12 26 대행 발표 대통령 중대 고유 권한 행사 자제 ㄴ다는 내용 대국민 담화 화면 나오,2025-04-09T20:28:02+09:00,https://www.khan.co.kr/article/202504092028025/?utm_source=khan_rss&utm_medium=rss&utm_campaign=politic_news,경향닷컴,"[포토뉴스] 헌법재판관 임명, 한덕수의 ‘그땐 틀리고 지금은 맞다’ 한덕수 대통령 권한 대행 국무총리 대통령 헌법 재판관 지명 이완규 법제처장 국회 법제 사법 위원회 현안 질의 출석 지난해 12 26 대행 발표 대통령 중대 고유 권한 행사 자제 ㄴ다는 내용 대국민 담화 화면 나오",0
‘이재명 대항마’가 없어서···국힘서 나오는 한덕수 출마론,한덕수 대통령 권한 대행 국무총리 지나 정부서울청사 열리 국무 회의 발언 대통령실 사진 기자단 국민 일각 한덕수 대통령 권한 대행 국무총리 조기 대선 출마 ㄴ다는 주장 나오 ㄴ다 여권 대선 주자 야권 유력 주자 이재명 더불어민주당 대표 대등 경쟁 구도 형성 못하 대하 당내 위기감,2025-04-09T17:52:00+09:00,https://www.khan.co.kr/article/202504091752001/?utm_source=khan_rss&utm_medium=rss&utm_campaign=politic_news,경향닷컴,‘이재명 대항마’가 없어서···국힘서 나오는 한덕수 출마론 한덕수 대통령 권한 대행 국무총리 지나 정부서울청사 열리 국무 회의 발언 대통령실 사진 기자단 국민 일각 한덕수 대통령 권한 대행 국무총리 조기 대선 출마 ㄴ다는 주장 나오 ㄴ다 여권 대선 주자 야권 유력 주자 이재명 더불어민주당 대표 대등 경쟁 구도 형성 못하 대하 당내 위기감,0
"민주, ‘이완규 저지’ 총력···‘권한대행 재판관 지명 금지법’ 법사위 통과",이완규 법제 처장 국회 법사위 전체 회의 무겁 표정 의원 질의 202549 박민규 선임 기자 더불어민주당 대통령 헌법 재판관 지명 이완규 법제처장 임명 저지 총력전 나서 대통령 권한 대행 대통령 헌법 재판관 임명 도록 법안 이날 국회 상임 위원회 문턱 한덕수 대통령 권한 대행 국무,2025-04-09T16:52:00+09:00,https://www.khan.co.kr/article/202504091652001/?utm_source=khan_rss&utm_medium=rss&utm_campaign=politic_news,경향닷컴,"민주, ‘이완규 저지’ 총력···‘권한대행 재판관 지명 금지법’ 법사위 통과 이완규 법제 처장 국회 법사위 전체 회의 무겁 표정 의원 질의 202549 박민규 선임 기자 더불어민주당 대통령 헌법 재판관 지명 이완규 법제처장 임명 저지 총력전 나서 대통령 권한 대행 대통령 헌법 재판관 임명 도록 법안 이날 국회 상임 위원회 문턱 한덕수 대통령 권한 대행 국무",0
"민주당-이완규, 국회서 충돌…한덕수 헌법재판관 임명 후폭풍",민주 이완규 피의자 자진 사퇴 요구 이완규 기소 반박 한덕수 위헌 월권행위 갑론을박 이완규 법제 처장 국회 열리 법제 사법 위원회 긴급 현안 질의 출석 박민규 선임 기자 더불어민주당 국민 국회 법제 사법 위원회 긴급 현안 질의 한덕수 대통령 권한 대행 국무총리 이완규 법제 처장 헌법,2025-04-09T16:39:00+09:00,https://www.khan.co.kr/article/202504091639001/?utm_source=khan_rss&utm_medium=rss&utm_campaign=politic_news,경향닷컴,"민주당-이완규, 국회서 충돌…한덕수 헌법재판관 임명 후폭풍 민주 이완규 피의자 자진 사퇴 요구 이완규 기소 반박 한덕수 위헌 월권행위 갑론을박 이완규 법제 처장 국회 열리 법제 사법 위원회 긴급 현안 질의 출석 박민규 선임 기자 더불어민주당 국민 국회 법제 사법 위원회 긴급 현안 질의 한덕수 대통령 권한 대행 국무총리 이완규 법제 처장 헌법",0
"국민의힘, ‘이완규 지명’ 한덕수 엄호…“모든 권한 행사할 수 있어”",이완규 입건 민주당 고발 의하 권성동 국민 원내 대표 사진 가운데 국회 21 대선 관련 기자 간담회 연합뉴스 국민 한덕수 대통령 권한 대행 국무총리 대통령 헌법 재판관 후보자 이완규 법제처장 지명 문제 소지 다고 엄호 내란 방조 혐의 대하 아서 더불어민주,2025-04-09T16:13:00+09:00,https://www.khan.co.kr/article/202504091613001/?utm_source=khan_rss&utm_medium=rss&utm_campaign=politic_news,경향닷컴,"국민의힘, ‘이완규 지명’ 한덕수 엄호…“모든 권한 행사할 수 있어” 이완규 입건 민주당 고발 의하 권성동 국민 원내 대표 사진 가운데 국회 21 대선 관련 기자 간담회 연합뉴스 국민 한덕수 대통령 권한 대행 국무총리 대통령 헌법 재판관 후보자 이완규 법제처장 지명 문제 소지 다고 엄호 내란 방조 혐의 대하 아서 더불어민주",0
"[속보] 법사위, 대통령 권한대행 헌법재판관 지명 막는 법안 통과",마은혁 신임 헌법 재판관 오전 서울 종로구 헌법 재판소 강당 열리 취임식 입장 김창길 기자 국회 법제 사법 위원회 대통령 권한 대행 대통령 헌법 재판관 지명 임명 도록 헌법 재판소 개정안 처리 법사위 이날 국회 전체 회의 대통령 궐위 거나 사고 또는 직무 정지 권한 대행 경우,2025-04-09T10:57:00+09:00,https://www.khan.co.kr/article/202504091057001/?utm_source=khan_rss&utm_medium=rss&utm_campaign=politic_news,경향닷컴,"[속보] 법사위, 대통령 권한대행 헌법재판관 지명 막는 법안 통과 마은혁 신임 헌법 재판관 오전 서울 종로구 헌법 재판소 강당 열리 취임식 입장 김창길 기자 국회 법제 사법 위원회 대통령 권한 대행 대통령 헌법 재판관 지명 임명 도록 헌법 재판소 개정안 처리 법사위 이날 국회 전체 회의 대통령 궐위 거나 사고 또는 직무 정지 권한 대행 경우",0
[속보]이완규 “한덕수 ‘지명 결정’ 존중···권한대행도 할 수 있어”,국회 열리 법제 사법 위원회 전체 회의 이완규 법제처장 출석 연합뉴스 이완규 법제 처장 한덕수 대통령 권한 대행 국무총리 헌법 재판관 후보자 지명 대하 결정 존중 ㄴ다고 처장 이날 국회 열리 법제 사법 위원회 전체 회의 박지원 더불어민주당 의원 질의 권한 대행 께서 결정 존중,2025-04-09T10:55:00+09:00,https://www.khan.co.kr/article/202504091055001/?utm_source=khan_rss&utm_medium=rss&utm_campaign=politic_news,경향닷컴,[속보]이완규 “한덕수 ‘지명 결정’ 존중···권한대행도 할 수 있어” 국회 열리 법제 사법 위원회 전체 회의 이완규 법제처장 출석 연합뉴스 이완규 법제 처장 한덕수 대통령 권한 대행 국무총리 헌법 재판관 후보자 지명 대하 결정 존중 ㄴ다고 처장 이날 국회 열리 법제 사법 위원회 전체 회의 박지원 더불어민주당 의원 질의 권한 대행 께서 결정 존중,0
"이재명 “한덕수, 꼼수에 몰두하기보다 국민 삶에 관심 갖길”",대표 사퇴 마지막 주재 고위 회의 대통령 헌법 재판관 지명 비판 이재명 더불어민주당 대표 국회 열리 최고 위원 회의 환하 박민규 선임 기자 이재명 더불어민주당 대표 대통령 헌법 재판관 지명 한덕수 대통령 권한 대행 국무총리 향하 이익 위하 꼼수 몰두 보다 국민 관심,2025-04-09T10:37:01+09:00,https://www.khan.co.kr/article/202504091037011/?utm_source=khan_rss&utm_medium=rss&utm_campaign=politic_news,경향닷컴,"이재명 “한덕수, 꼼수에 몰두하기보다 국민 삶에 관심 갖길” 대표 사퇴 마지막 주재 고위 회의 대통령 헌법 재판관 지명 비판 이재명 더불어민주당 대표 국회 열리 최고 위원 회의 환하 박민규 선임 기자 이재명 더불어민주당 대표 대통령 헌법 재판관 지명 한덕수 대통령 권한 대행 국무총리 향하 이익 위하 꼼수 몰두 보다 국민 관심",0
"이준석 “한덕수 헌법재판관 지명, 국민의힘의 정당해산심판 두려움 때문”",개혁신 대선 후보 이준석 의원 대구 중구 월당 사거리 시민 인사 연합뉴스 이준석 개혁 의원 한덕수 대통령 권한 대행 국무총리 월권 논란 불구하 전날 대통령 헌법 재판관 후보자 지명 대하 국민 정권 교체 정당 해산 심판 대처 위하 아서 라는 해석 내놓 의원 이날 YTN 라디오 인터,2025-04-09T10:35:00+09:00,https://www.khan.co.kr/article/202504091035001/?utm_source=khan_rss&utm_medium=rss&utm_campaign=politic_news,경향닷컴,"이준석 “한덕수 헌법재판관 지명, 국민의힘의 정당해산심판 두려움 때문” 개혁신 대선 후보 이준석 의원 대구 중구 월당 사거리 시민 인사 연합뉴스 이준석 개혁 의원 한덕수 대통령 권한 대행 국무총리 월권 논란 불구하 전날 대통령 헌법 재판관 후보자 지명 대하 국민 정권 교체 정당 해산 심판 대처 위하 아서 라는 해석 내놓 의원 이날 YTN 라디오 인터",0
국힘 조경태 “이완규 지명? 안가회동 인물···모조리 수사해 뿌리 뽑아야”,조경태 국민 의원 서울 여의도 국회 열리 비상 의원 총회 참석 한수빈 기자 조경태 국민 의원 한덕수 대통령 권한 대행 국무총리 이완규 법제처장 헌법 재판관 후보자 지명 처장 일명 안가 회동 포함 인물 라며 바람직하 다고 비판 의원 이날 SBS 라디오 권한 대행,2025-04-09T10:32:00+09:00,https://www.khan.co.kr/article/202504091032001/?utm_source=khan_rss&utm_medium=rss&utm_campaign=politic_news,경향닷컴,국힘 조경태 “이완규 지명? 안가회동 인물···모조리 수사해 뿌리 뽑아야” 조경태 국민 의원 서울 여의도 국회 열리 비상 의원 총회 참석 한수빈 기자 조경태 국민 의원 한덕수 대통령 권한 대행 국무총리 이완규 법제처장 헌법 재판관 후보자 지명 처장 일명 안가 회동 포함 인물 라며 바람직하 다고 비판 의원 이날 SBS 라디오 권한 대행,0
"‘헌법재판관 지명’ 이완규, 오늘 법사위 출석···‘부적격 논란’ 재점화",헌법 재판관 후보 지명 이완규 법제처장 정부서울청사 열리 국무 회의 참석 청사 나서 면서 기자 질문 대통령실 사진 기자단 한덕수 대통령 권한 대행 국무총리 대통령 헌법 재판관 후보자 지명 이완규 법제처장 국회 법제 사법 위원회 현안 질의 출석 ㄴ다 적격 논란 여야 맞붙 예상 ㄴ다,2025-04-09T08:31:00+09:00,https://www.khan.co.kr/article/202504090831001/?utm_source=khan_rss&utm_medium=rss&utm_campaign=politic_news,경향닷컴,"‘헌법재판관 지명’ 이완규, 오늘 법사위 출석···‘부적격 논란’ 재점화 헌법 재판관 후보 지명 이완규 법제처장 정부서울청사 열리 국무 회의 참석 청사 나서 면서 기자 질문 대통령실 사진 기자단 한덕수 대통령 권한 대행 국무총리 대통령 헌법 재판관 후보자 지명 이완규 법제처장 국회 법제 사법 위원회 현안 질의 출석 ㄴ다 적격 논란 여야 맞붙 예상 ㄴ다",0
"한덕수 띄우는 국민의힘…""유일한 호남 후보""",,"Wed, 09 Apr 2025 18:44:42 +0900",https://www.hankyung.com/article/202504091541i,한국경제,"한덕수 띄우는 국민의힘…""유일한 호남 후보"" ",0
"민주 초선 ""한덕수 대행, 헌법재판관 지명 철회 않으면 탄핵""",,"Wed, 09 Apr 2025 16:35:08 +0900",https://www.hankyung.com/article/2025040911347,한국경제,"민주 초선 ""한덕수 대행, 헌법재판관 지명 철회 않으면 탄핵"" ",0
"[속보] 이완규, '尹파면' 헌재 결정에 ""승복할 수밖에 없는 재판""",,"Wed, 09 Apr 2025 14:25:44 +0900",https://www.hankyung.com/article/2025040906447,한국경제,"[속보] 이완규, '尹파면' 헌재 결정에 ""승복할 수밖에 없는 재판"" ",0
"추미애 ""한덕수 재탄핵해야"" 尹변호사였던 이완규 지명에 반기",,"Wed, 09 Apr 2025 14:18:05 +0900",https://www.hankyung.com/article/2025040905197,한국경제,"추미애 ""한덕수 재탄핵해야"" 尹변호사였던 이완규 지명에 반기 ",0
"민주당 ""이완규·함상훈 헌법재판관 후보자 청문회 보이콧 검토""",,"Wed, 09 Apr 2025 12:46:33 +0900",https://www.hankyung.com/article/2025040903907,한국경제,"민주당 ""이완규·함상훈 헌법재판관 후보자 청문회 보이콧 검토"" ",0
"권성동 ""대통령 '궐위' 상황이라 권한대행의 적극적 권한행사 가능""",,"Wed, 09 Apr 2025 12:37:49 +0900",https://www.hankyung.com/article/2025040903827,한국경제,"권성동 ""대통령 '궐위' 상황이라 권한대행의 적극적 권한행사 가능"" ",0
"마용주 신임 대법관 ""사회적 약자에 따뜻한 법관 될 것""",,"Wed, 09 Apr 2025 11:27:27 +0900",https://www.hankyung.com/article/2025040901557,한국경제,"마용주 신임 대법관 ""사회적 약자에 따뜻한 법관 될 것"" ",0
[속보] 헌법재판관 임기연장법 법사위 의결…국민의힘 반발,,"Wed, 09 Apr 2025 10:57:27 +0900",https://www.hankyung.com/article/2025040900857,한국경제,[속보] 헌법재판관 임기연장법 법사위 의결…국민의힘 반발 ,0
"이완규 공방에 고성까지…기소 가능성엔 ""그때 가서 생각""",오늘 국회 대행 헌법 재판관 후보자 지명 이완규 법제처장 출석 면서 공방 고성 오가 내란 방조 혐의 입건 처장 기소 어떻 질문 아서 생각 다고 어서 최승훈 기자 ㅂ니다,"Wed, 9 Apr 2025 20:42:00 +0900",https://news.sbs.co.kr/news/endPage.do?news_id=N1008056592&plink=RSSLINK&cooper=RSSREADER,SBS,"이완규 공방에 고성까지…기소 가능성엔 ""그때 가서 생각"" 오늘 국회 대행 헌법 재판관 후보자 지명 이완규 법제처장 출석 면서 공방 고성 오가 내란 방조 혐의 입건 처장 기소 어떻 질문 아서 생각 다고 어서 최승훈 기자 ㅂ니다",0
권한대행의 '대통령 몫 재판관 임명 불가' 법사위 통과,한덕수 대통령 권한 대행 대통령 헌법 재판관 후보자 지명 대하 민주당 공세 수위 높이 오늘 대통령 권한 대행,"Wed, 9 Apr 2025 20:36:00 +0900",https://news.sbs.co.kr/news/endPage.do?news_id=N1008056591&plink=RSSLINK&cooper=RSSREADER,SBS,권한대행의 '대통령 몫 재판관 임명 불가' 법사위 통과 한덕수 대통령 권한 대행 대통령 헌법 재판관 후보자 지명 대하 민주당 공세 수위 높이 오늘 대통령 권한 대행,0
"민주 ""이완규 지명 헌법 농단""…국민의힘 ""대행 권한 제한 없어""",서울 여의도 국회 열리 법제 사법 위원회 전체 회의 이완규 법제 처장 질의 국회 오늘 열리 법제 사법 위원회,"Wed, 9 Apr 2025 16:51:00 +0900",https://news.sbs.co.kr/news/endPage.do?news_id=N1008056449&plink=RSSLINK&cooper=RSSREADER,SBS,"민주 ""이완규 지명 헌법 농단""…국민의힘 ""대행 권한 제한 없어"" 서울 여의도 국회 열리 법제 사법 위원회 전체 회의 이완규 법제 처장 질의 국회 오늘 열리 법제 사법 위원회",0
"민주 초선 ""한 대행, 대통령몫 재판관 지명철회 않으면 탄핵""",헌법 재판관 지명 철회 촉구 민주당 초선 의원 들더불어민주당 초선 의원 오늘 한덕수 대통령 권한 대행 국무총리 이완규 함상훈,"Wed, 9 Apr 2025 16:28:00 +0900",https://news.sbs.co.kr/news/endPage.do?news_id=N1008056403&plink=RSSLINK&cooper=RSSREADER,SBS,"민주 초선 ""한 대행, 대통령몫 재판관 지명철회 않으면 탄핵"" 헌법 재판관 지명 철회 촉구 민주당 초선 의원 들더불어민주당 초선 의원 오늘 한덕수 대통령 권한 대행 국무총리 이완규 함상훈",0
"이완규 법제처장 ""헌재 판결은 승복할 수밖에 없는 것""",서울 여의도 국회 열리 법제 사법 위원회 전체 회의 이완규 법제 처장 질의 헌법재판관 후보자 지명 이완규,"Wed, 9 Apr 2025 17:54:00 +0900",https://news.sbs.co.kr/news/endPage.do?news_id=N1008056372&plink=RSSLINK&cooper=RSSREADER,SBS,"이완규 법제처장 ""헌재 판결은 승복할 수밖에 없는 것"" 서울 여의도 국회 열리 법제 사법 위원회 전체 회의 이완규 법제 처장 질의 헌법재판관 후보자 지명 이완규",0
"민주당 ""이완규·함상훈 청문회 보이콧 검토…헌법소원 준비""",더불어민주당 이재명 대표 서울 여의도 국회 열리 최고 위원 회의 대권 도전 위하 대표직 사퇴 의사 밝히,"Wed, 9 Apr 2025 15:48:00 +0900",https://news.sbs.co.kr/news/endPage.do?news_id=N1008056280&plink=RSSLINK&cooper=RSSREADER,SBS,"민주당 ""이완규·함상훈 청문회 보이콧 검토…헌법소원 준비"" 더불어민주당 이재명 대표 서울 여의도 국회 열리 최고 위원 회의 대권 도전 위하 대표직 사퇴 의사 밝히",0
"""이완규는 미스터 클린이라고?"" 권성동 과거 발언 소환된 법사위",오늘 국회 법사위 한덕수 대통령 권한 대행 이완규 법제처장 헌법 재판관 지명 대하 야당 의원 질타 이어지 특히 이완규 법제처장 윤석열 대통령 당선 위하 활동 헌법 재판소 위반 라는 지적 제기,"Wed, 9 Apr 2025 15:53:00 +0900",https://news.sbs.co.kr/news/endPage.do?news_id=N1008056206&plink=RSSLINK&cooper=RSSREADER,SBS,"""이완규는 미스터 클린이라고?"" 권성동 과거 발언 소환된 법사위 오늘 국회 법사위 한덕수 대통령 권한 대행 이완규 법제처장 헌법 재판관 지명 대하 야당 의원 질타 이어지 특히 이완규 법제처장 윤석열 대통령 당선 위하 활동 헌법 재판소 위반 라는 지적 제기",0
'한 대행 재판관 후보자 지명 위헌' 주장 헌법소원·가처분 제기,내란 청산 사회대 개혁 비상 행동 참여 시민 사회단체 관계자 정부서울청사 한덕수 대통령 권한 대행 국무총리,"Wed, 9 Apr 2025 15:31:00 +0900",https://news.sbs.co.kr/news/endPage.do?news_id=N1008056215&plink=RSSLINK&cooper=RSSREADER,SBS,'한 대행 재판관 후보자 지명 위헌' 주장 헌법소원·가처분 제기 내란 청산 사회대 개혁 비상 행동 참여 시민 사회단체 관계자 정부서울청사 한덕수 대통령 권한 대행 국무총리,0
"[여담야담] 한덕수 '헌법재판관 지명' 후폭풍…민주 ""제2의 쿠데타""",SBS lt 편상욱 뉴스 브리핑 gt 9632 lt 편상욱 뉴스 브리핑 gt 9632 9632 김용태 국민 비상 대책 위원,"Wed, 9 Apr 2025 15:59:00 +0900",https://news.sbs.co.kr/news/endPage.do?news_id=N1008055991&plink=RSSLINK&cooper=RSSREADER,SBS,"[여담야담] 한덕수 '헌법재판관 지명' 후폭풍…민주 ""제2의 쿠데타"" SBS lt 편상욱 뉴스 브리핑 gt 9632 lt 편상욱 뉴스 브리핑 gt 9632 9632 김용태 국민 비상 대책 위원",0
"[여담야담] 이완규 ""한덕수 결정 존중""…고성 오간 국회 법사위",SBS lt 편상욱 뉴스 브리핑 gt 9632 lt 편상욱 뉴스 브리핑 gt 9632 9632 김용태 국민 비상 대책 위원,"Wed, 9 Apr 2025 15:59:00 +0900",https://news.sbs.co.kr/news/endPage.do?news_id=N1008055990&plink=RSSLINK&cooper=RSSREADER,SBS,"[여담야담] 이완규 ""한덕수 결정 존중""…고성 오간 국회 법사위 SBS lt 편상욱 뉴스 브리핑 gt 9632 lt 편상욱 뉴스 브리핑 gt 9632 9632 김용태 국민 비상 대책 위원",0
"이완규 공방에 고성까지…기소 가능성엔 ""그때 가서 생각""",오늘 국회 대행 헌법 재판관 후보자 지명 이완규 법제처장 출석 면서 공방 고성 오가 내란 방조 혐의 입건 처장 기소 어떻 질문 아서 생각 다고 어서 최승훈 기자 ㅂ니다,"Wed, 9 Apr 2025 20:42:00 +0900",https://news.sbs.co.kr/news/endPage.do?news_id=N1008056592&plink=RSSLINK&cooper=RSSREADER,SBS,"이완규 공방에 고성까지…기소 가능성엔 ""그때 가서 생각"" 오늘 국회 대행 헌법 재판관 후보자 지명 이완규 법제처장 출석 면서 공방 고성 오가 내란 방조 혐의 입건 처장 기소 어떻 질문 아서 생각 다고 어서 최승훈 기자 ㅂ니다",0
권한대행의 '대통령 몫 재판관 임명 불가' 법사위 통과,한덕수 대통령 권한 대행 대통령 헌법 재판관 후보자 지명 대하 민주당 공세 수위 높이 오늘 대통령 권한 대행,"Wed, 9 Apr 2025 20:36:00 +0900",https://news.sbs.co.kr/news/endPage.do?news_id=N1008056591&plink=RSSLINK&cooper=RSSREADER,SBS,권한대행의 '대통령 몫 재판관 임명 불가' 법사위 통과 한덕수 대통령 권한 대행 대통령 헌법 재판관 후보자 지명 대하 민주당 공세 수위 높이 오늘 대통령 권한 대행,0
"민주 ""이완규 지명 헌법 농단""…국민의힘 ""대행 권한 제한 없어""",서울 여의도 국회 열리 법제 사법 위원회 전체 회의 이완규 법제 처장 질의 국회 오늘 열리 법제 사법 위원회,"Wed, 9 Apr 2025 16:51:00 +0900",https://news.sbs.co.kr/news/endPage.do?news_id=N1008056449&plink=RSSLINK&cooper=RSSREADER,SBS,"민주 ""이완규 지명 헌법 농단""…국민의힘 ""대행 권한 제한 없어"" 서울 여의도 국회 열리 법제 사법 위원회 전체 회의 이완규 법제 처장 질의 국회 오늘 열리 법제 사법 위원회",0
"민주 초선 ""한 대행, 대통령몫 재판관 지명철회 않으면 탄핵""",헌법 재판관 지명 철회 촉구 민주당 초선 의원 들더불어민주당 초선 의원 오늘 한덕수 대통령 권한 대행 국무총리 이완규 함상훈,"Wed, 9 Apr 2025 16:28:00 +0900",https://news.sbs.co.kr/news/endPage.do?news_id=N1008056403&plink=RSSLINK&cooper=RSSREADER,SBS,"민주 초선 ""한 대행, 대통령몫 재판관 지명철회 않으면 탄핵"" 헌법 재판관 지명 철회 촉구 민주당 초선 의원 들더불어민주당 초선 의원 오늘 한덕수 대통령 권한 대행 국무총리 이완규 함상훈",0
"이완규 법제처장 ""헌재 판결은 승복할 수밖에 없는 것""",서울 여의도 국회 열리 법제 사법 위원회 전체 회의 이완규 법제 처장 질의 헌법재판관 후보자 지명 이완규,"Wed, 9 Apr 2025 17:54:00 +0900",https://news.sbs.co.kr/news/endPage.do?news_id=N1008056372&plink=RSSLINK&cooper=RSSREADER,SBS,"이완규 법제처장 ""헌재 판결은 승복할 수밖에 없는 것"" 서울 여의도 국회 열리 법제 사법 위원회 전체 회의 이완규 법제 처장 질의 헌법재판관 후보자 지명 이완규",0
"민주당 ""이완규·함상훈 청문회 보이콧 검토…헌법소원 준비""",더불어민주당 이재명 대표 서울 여의도 국회 열리 최고 위원 회의 대권 도전 위하 대표직 사퇴 의사 밝히,"Wed, 9 Apr 2025 15:48:00 +0900",https://news.sbs.co.kr/news/endPage.do?news_id=N1008056280&plink=RSSLINK&cooper=RSSREADER,SBS,"민주당 ""이완규·함상훈 청문회 보이콧 검토…헌법소원 준비"" 더불어민주당 이재명 대표 서울 여의도 국회 열리 최고 위원 회의 대권 도전 위하 대표직 사퇴 의사 밝히",0
"""이완규는 미스터 클린이라고?"" 권성동 과거 발언 소환된 법사위",오늘 국회 법사위 한덕수 대통령 권한 대행 이완규 법제처장 헌법 재판관 지명 대하 야당 의원 질타 이어지 특히 이완규 법제처장 윤석열 대통령 당선 위하 활동 헌법 재판소 위반 라는 지적 제기,"Wed, 9 Apr 2025 15:53:00 +0900",https://news.sbs.co.kr/news/endPage.do?news_id=N1008056206&plink=RSSLINK&cooper=RSSREADER,SBS,"""이완규는 미스터 클린이라고?"" 권성동 과거 발언 소환된 법사위 오늘 국회 법사위 한덕수 대통령 권한 대행 이완규 법제처장 헌법 재판관 지명 대하 야당 의원 질타 이어지 특히 이완규 법제처장 윤석열 대통령 당선 위하 활동 헌법 재판소 위반 라는 지적 제기",0
'한 대행 재판관 후보자 지명 위헌' 주장 헌법소원·가처분 제기,내란 청산 사회대 개혁 비상 행동 참여 시민 사회단체 관계자 정부서울청사 한덕수 대통령 권한 대행 국무총리,"Wed, 9 Apr 2025 15:31:00 +0900",https://news.sbs.co.kr/news/endPage.do?news_id=N1008056215&plink=RSSLINK&cooper=RSSREADER,SBS,'한 대행 재판관 후보자 지명 위헌' 주장 헌법소원·가처분 제기 내란 청산 사회대 개혁 비상 행동 참여 시민 사회단체 관계자 정부서울청사 한덕수 대통령 권한 대행 국무총리,0
"[여담야담] 한덕수 '헌법재판관 지명' 후폭풍…민주 ""제2의 쿠데타""",SBS lt 편상욱 뉴스 브리핑 gt 9632 lt 편상욱 뉴스 브리핑 gt 9632 9632 김용태 국민 비상 대책 위원,"Wed, 9 Apr 2025 15:59:00 +0900",https://news.sbs.co.kr/news/endPage.do?news_id=N1008055991&plink=RSSLINK&cooper=RSSREADER,SBS,"[여담야담] 한덕수 '헌법재판관 지명' 후폭풍…민주 ""제2의 쿠데타"" SBS lt 편상욱 뉴스 브리핑 gt 9632 lt 편상욱 뉴스 브리핑 gt 9632 9632 김용태 국민 비상 대책 위원",0
"[여담야담] 이완규 ""한덕수 결정 존중""…고성 오간 국회 법사위",SBS lt 편상욱 뉴스 브리핑 gt 9632 lt 편상욱 뉴스 브리핑 gt 9632 9632 김용태 국민 비상 대책 위원,"Wed, 9 Apr 2025 15:59:00 +0900",https://news.sbs.co.kr/news/endPage.do?news_id=N1008055990&plink=RSSLINK&cooper=RSSREADER,SBS,"[여담야담] 이완규 ""한덕수 결정 존중""…고성 오간 국회 법사위 SBS lt 편상욱 뉴스 브리핑 gt 9632 lt 편상욱 뉴스 브리핑 gt 9632 9632 김용태 국민 비상 대책 위원",0
"[오 앵커 한마디] ""풀보다 빨리 눕는 사람""",quot 관운 대명사 quot 과거 관가 한덕수 대행 이렇 부르 다고 ㅂ니다 최근 수식어 많이 는다고 ㅂ니다 quot 보다 먼저 사람 quot 정부,"Wed, 09 Apr 2025 20:56:56 +0900",https://news.jtbc.co.kr/article/NB12242068,JTBC,"[오 앵커 한마디] ""풀보다 빨리 눕는 사람"" quot 관운 대명사 quot 과거 관가 한덕수 대행 이렇 부르 다고 ㅂ니다 최근 수식어 많이 는다고 ㅂ니다 quot 보다 먼저 사람 quot 정부",0
"[돌비뉴스] ""헌법재판관 지명 안 돼""…어제의 나와 싸우는 권성동?",ltnbsp어제 싸우 권성동 gt 기자 한덕수 대행 대통령 헌법 재판관 이완규 법제처장 지명 아서 논란 계속 야당 여러 가지 비판 는데,"Wed, 09 Apr 2025 20:19:34 +0900",https://news.jtbc.co.kr/article/NB12242096,JTBC,"[돌비뉴스] ""헌법재판관 지명 안 돼""…어제의 나와 싸우는 권성동? ltnbsp어제 싸우 권성동 gt 기자 한덕수 대행 대통령 헌법 재판관 이완규 법제처장 지명 아서 논란 계속 야당 여러 가지 비판 는데",0
[돌비뉴스] 한덕수의 '뷰티풀 잉글리시'? 논란 불렀던 장면들 보니,ltnbspquot 시리어스 어프로치 마일드 quot gt 기자 quot 시리어스 어프로치,"Wed, 09 Apr 2025 20:14:57 +0900",https://news.jtbc.co.kr/article/NB12242097,JTBC,[돌비뉴스] 한덕수의 '뷰티풀 잉글리시'? 논란 불렀던 장면들 보니 ltnbspquot 시리어스 어프로치 마일드 quot gt 기자 quot 시리어스 어프로치,0
"우원식 ""인사청문 접수 거부""…헌재로 넘어간 '한덕수 지명'",앵커 헌법 재판소 한덕수 대행 대통령 재판관 후보자 지명 위헌 가리 라는 헌법 소원 효력 정지 처분 신청 접수 국회 의장 국회 인사 청문 요청안 넘어오 거부,"Wed, 09 Apr 2025 19:19:52 +0900",https://news.jtbc.co.kr/article/NB12242115,JTBC,"우원식 ""인사청문 접수 거부""…헌재로 넘어간 '한덕수 지명' 앵커 헌법 재판소 한덕수 대행 대통령 재판관 후보자 지명 위헌 가리 라는 헌법 소원 효력 정지 처분 신청 접수 국회 의장 국회 인사 청문 요청안 넘어오 거부",0
"논란의 이완규, 노무현 향해 ""인사권 넘기라""던 그 검사였다",앵커 국민 이완규 처장 대학 시절 middot 18 실상 알리 구속 middot 18 민주 유공자 강조 검사 이후 노무현 대통령 추진 검사 대화,"Wed, 09 Apr 2025 19:18:35 +0900",https://news.jtbc.co.kr/article/NB12242118,JTBC,"논란의 이완규, 노무현 향해 ""인사권 넘기라""던 그 검사였다 앵커 국민 이완규 처장 대학 시절 middot 18 실상 알리 구속 middot 18 민주 유공자 강조 검사 이후 노무현 대통령 추진 검사 대화",0
"재판관이 기소되면 어떡하나?…이완규 ""그건 그때 가서 생각""",앵커 이완규 법제처장 헌법 재판관 후보자 기습 지명 하루 국회 나오 내란 방조죄 피의자 수사 기소 헌법 재판관 재판 으러 라는 비판 쏟아지 처장 quo,"Wed, 09 Apr 2025 19:16:18 +0900",https://news.jtbc.co.kr/article/NB12242120,JTBC,"재판관이 기소되면 어떡하나?…이완규 ""그건 그때 가서 생각"" 앵커 이완규 법제처장 헌법 재판관 후보자 기습 지명 하루 국회 나오 내란 방조죄 피의자 수사 기소 헌법 재판관 재판 으러 라는 비판 쏟아지 처장 quo",0
"[단도직입] '정치인 속내, 입 아닌 발을 보라'…한덕수 발 어디 향하나",방송 JTBC 오대영 라이브 진행 오대영 저작 JTBC 뉴스 인용보도 출처 밝히 바라 ㅂ니다 아래 텍스트 실제 내용 차이 정확 내용 영상,"Wed, 09 Apr 2025 18:58:01 +0900",https://news.jtbc.co.kr/article/NB12242062,JTBC,"[단도직입] '정치인 속내, 입 아닌 발을 보라'…한덕수 발 어디 향하나 방송 JTBC 오대영 라이브 진행 오대영 저작 JTBC 뉴스 인용보도 출처 밝히 바라 ㅂ니다 아래 텍스트 실제 내용 차이 정확 내용 영상",0
"""기소되면?"" 묻자 ""절대""…'내란 피의자 이완규' 지명 후폭풍",헌법 재판관 지명 이완규 법제처장 오늘 법사위 출석 지명 윤심 작용 는지 캐묻 박지원 더불어민주당 의원 헌법 재판관 내정 통보 hellip누구,"Wed, 09 Apr 2025 18:23:37 +0900",https://news.jtbc.co.kr/article/NB12242060,JTBC,"""기소되면?"" 묻자 ""절대""…'내란 피의자 이완규' 지명 후폭풍 헌법 재판관 지명 이완규 법제처장 오늘 법사위 출석 지명 윤심 작용 는지 캐묻 박지원 더불어민주당 의원 헌법 재판관 내정 통보 hellip누구",0
"""한덕수 대행, 계엄 가능하죠?"" 송석준 던진 질문에… [현장영상]",송석준 국민의힘 의원 헌법 재판소 처장 헌법 111 헌법 재판소 법관 자격 가지 재판관 구성 재판관 대통령 임명 ㄴ다 이렇 명시 김정원 헌법재판소 사무처장,"Wed, 09 Apr 2025 17:37:23 +0900",https://news.jtbc.co.kr/article/NB12242105,JTBC,"""한덕수 대행, 계엄 가능하죠?"" 송석준 던진 질문에… [현장영상] 송석준 국민의힘 의원 헌법 재판소 처장 헌법 111 헌법 재판소 법관 자격 가지 재판관 구성 재판관 대통령 임명 ㄴ다 이렇 명시 김정원 헌법재판소 사무처장",0
"이완규 ""한덕수 결정 존중""…헌법재판관 지명 두고 국회서 충돌",서울 여의도 국회 열리 법제 사법 위원회 전체 회의 이완규 법제처장 질의 사진 연합 뉴스한덕수 대통령 권한 대행 국무총리 헌법 재판관 후임 지명 국회 법제 사법 위원회 격론 벌어지,"Wed, 09 Apr 2025 17:30:29 +0900",https://news.jtbc.co.kr/article/NB12242092,JTBC,"이완규 ""한덕수 결정 존중""…헌법재판관 지명 두고 국회서 충돌 서울 여의도 국회 열리 법제 사법 위원회 전체 회의 이완규 법제처장 질의 사진 연합 뉴스한덕수 대통령 권한 대행 국무총리 헌법 재판관 후임 지명 국회 법제 사법 위원회 격론 벌어지",0
한덕수 출마론 속…민주 초선들 “헌재 후보 철회 안 하면 탄핵”,더불어민주당 초선 의원 모임 더민초 의원 서울 여의도 국회 소통관 한덕수 대통령 권한 대행 국무총리 향하 이완규 함상훈 헌법 재판관 후보자 지명 철회 촉구 사진 연합 뉴스더불어민주당 초선,"Wed, 09 Apr 2025 16:59:06 +0900",https://news.jtbc.co.kr/article/NB12242081,JTBC,한덕수 출마론 속…민주 초선들 “헌재 후보 철회 안 하면 탄핵” 더불어민주당 초선 의원 모임 더민초 의원 서울 여의도 국회 소통관 한덕수 대통령 권한 대행 국무총리 향하 이완규 함상훈 헌법 재판관 후보자 지명 철회 촉구 사진 연합 뉴스더불어민주당 초선,0
"""이완규는 미스터 클린""이라던 권성동, 법사위 소환된 이유 [현장영상]",장경태더불어민주당 의원 지금 이완규 처장 미스터 클린 라고 표현 권성동 법사위원장 발언 드리 대통령 지명 재판관 후보자 후보자 처럼 이렇 정치 편향 활발하,"Wed, 09 Apr 2025 16:40:23 +0900",https://news.jtbc.co.kr/article/NB12242076,JTBC,"""이완규는 미스터 클린""이라던 권성동, 법사위 소환된 이유 [현장영상] 장경태더불어민주당 의원 지금 이완규 처장 미스터 클린 라고 표현 권성동 법사위원장 발언 드리 대통령 지명 재판관 후보자 후보자 처럼 이렇 정치 편향 활발하",0
"""정치활동한 적 없다"" 이완규에 '국힘 당적 논란' 묻자.. [현장영상]",정청래 국회 법제 사법 위원장 이완규 처장 가지 사실 관계 바로잡 고자 ㅂ니다 어제 국민의힘 당적 보유 논란 박지원 의원 의혹 제기 페이스북 부분 대하 아서 언급,"Wed, 09 Apr 2025 14:47:15 +0900",https://news.jtbc.co.kr/article/NB12242051,JTBC,"""정치활동한 적 없다"" 이완규에 '국힘 당적 논란' 묻자.. [현장영상] 정청래 국회 법제 사법 위원장 이완규 처장 가지 사실 관계 바로잡 고자 ㅂ니다 어제 국민의힘 당적 보유 논란 박지원 의원 의혹 제기 페이스북 부분 대하 아서 언급",0
"민주당, 이완규·함상훈 지명에 반발…""청문회 보이콧 검토""",민주당 이재명 대표 지도부 서울 여의도 국회 열리 최고 위원 회의 한덕수 대통령 권한 대행 국무총리 발언 영상 사진 연합뉴스더불어민주당 오늘 한덕수 대통령 권한 대행 국무총,"Wed, 09 Apr 2025 14:06:28 +0900",https://news.jtbc.co.kr/article/NB12242043,JTBC,"민주당, 이완규·함상훈 지명에 반발…""청문회 보이콧 검토"" 민주당 이재명 대표 지도부 서울 여의도 국회 열리 최고 위원 회의 한덕수 대통령 권한 대행 국무총리 발언 영상 사진 연합뉴스더불어민주당 오늘 한덕수 대통령 권한 대행 국무총",0
"국힘 조경태 ""'안가 회동' 이완규 재판관 지명 바람직하지 않아""",조경태 국민 의원 사진 연합뉴스한덕수 대통령 권한 대행 국무총리 대통령 헌법 재판관 후보자 이완규 법제 처장 함상훈 서울고등법원 부장 판사 지명 대하 조경태 국민 의원 바람직하 다고,"Wed, 09 Apr 2025 12:51:16 +0900",https://news.jtbc.co.kr/article/NB12242035,JTBC,"국힘 조경태 ""'안가 회동' 이완규 재판관 지명 바람직하지 않아"" 조경태 국민 의원 사진 연합뉴스한덕수 대통령 권한 대행 국무총리 대통령 헌법 재판관 후보자 이완규 법제 처장 함상훈 서울고등법원 부장 판사 지명 대하 조경태 국민 의원 바람직하 다고",0
"국힘 ""개돼지"" 발언에 ""선 씨게 넘네?""…법사위 '발칵' [현장영상]",오늘 국회 법제 사법 위원회 한덕수 대통령 권한 대행 대통령 헌법 재판관 지명 대하 현안 질의 개최 유상범 국민의 의원 내란 끝나 으면 내란 종결 다고 국민,"Wed, 09 Apr 2025 12:35:08 +0900",https://news.jtbc.co.kr/article/NB12242034,JTBC,"국힘 ""개돼지"" 발언에 ""선 씨게 넘네?""…법사위 '발칵' [현장영상] 오늘 국회 법제 사법 위원회 한덕수 대통령 권한 대행 대통령 헌법 재판관 지명 대하 현안 질의 개최 유상범 국민의 의원 내란 끝나 으면 내란 종결 다고 국민",0
"민주, 한덕수 '재판관 임명' 비판…""어처구니없는 실수"", ""윤 의지 반영""",더불어민주당 이재명 대표 서울 여의도 국회 열리 최고 위원 회의 대권 도전 위하 대표직 사퇴 의사 밝히 사진 연합뉴스 한덕수 대통령 권한 대행 국무총리 이완규 법제 처장 후임 헌법 재판관,"Wed, 09 Apr 2025 11:28:49 +0900",https://news.jtbc.co.kr/article/NB12242022,JTBC,"민주, 한덕수 '재판관 임명' 비판…""어처구니없는 실수"", ""윤 의지 반영"" 더불어민주당 이재명 대표 서울 여의도 국회 열리 최고 위원 회의 대권 도전 위하 대표직 사퇴 의사 밝히 사진 연합뉴스 한덕수 대통령 권한 대행 국무총리 이완규 법제 처장 후임 헌법 재판관",0
"한 대행 '계엄 피의자' 재판관 지명에…민주 ""원천 무효"" 반발",앵커 한덕수 대통령 권한 대행 대통령 헌법 재판관 후보자 기습 지명 지명 후보자 윤석열 대통령 측근 123 계엄 연루 조사 이완규 법제처장 ㅂ니다 민주,"Wed, 09 Apr 2025 08:02:51 +0900",https://news.jtbc.co.kr/article/NB12241976,JTBC,"한 대행 '계엄 피의자' 재판관 지명에…민주 ""원천 무효"" 반발 앵커 한덕수 대통령 권한 대행 대통령 헌법 재판관 후보자 기습 지명 지명 후보자 윤석열 대통령 측근 123 계엄 연루 조사 이완규 법제처장 ㅂ니다 민주",0
