Topic,Count,Name,Representation,Representative_Docs
-1,51,-1_출마_대선_김동연_경호처,"['출마', '대선', '김동연', '경호처', '대통령', '9일', '양향자', '김성훈', '윤석열', '의원이']","['민주당도 대선 레이스 막올라… 이재명 “새로운 일 시작” 김동연 “개헌 완수” 이재명 전 더불어민주당 대표가 9일 63 조기 대선 출마를 위해 당대표에서 사퇴하면서 민주당의 대선 경선 레이스가 본격 시작됐다 비명계의 김두관 전 의원이 지난 7일 경선 출마를 선언한 데 이어 이날은 김동연 경기지사가 해외 출국길에 출마를 선언했다 대선 출마 가능성이 거론되던 김부겸 전 총리는 민주당 대선 경선에 참여하지 않을 것이라고 밝혔다', '분노한 경호처 직원들 “김성훈 사퇴하라” 연판장 윤석열 전 대통령 체포 방해 혐의를 받는 대통령경호처 김성훈 차장왼쪽이광우 경호본부장이 지난달 21일 서울 마포구 서울서부지방법원에서 영장실질심사를 위해 법정으로 향하고 있다 정효진 기자 대통령경호처 직원들이 윤석열 전 대통령 파면 후에도 자리를 지키고 있는 김성훈 경호처 차장과 이광우 경호본부장의 사퇴를 요구하는 연판장을 돌리고 있는 것으로 10', '“대통령 등에 업고 사조직화”…경호처 직원들, 김성훈 사퇴 요구 연판장 대통령경호처 직원들이 윤석열 전 대통령의 파면 이후에도 자리를 지키고 있는 김성훈 경호처 차장과 이광우 경호본부장의 사퇴를 요구하는 연판장을 돌리는 것으로 10일 알려졌다 연판장']"
0,69,0_트럼프_미국_관세_권한대행,"['트럼프', '미국', '관세', '권한대행', '도널드', '방위비', '북한', '한덕수', '한미', '정부가']","['트럼프, 또 ‘관세·방위비’ 연계…‘패키지 협상’ 현실적 전략 필요 도널드 트럼프 미국 대통령 로이터 연합뉴스 도널드 트럼프 미국 대통령이 한국과의 관세 협상에서 주한미군 방위비 분담과 주둔 문제를 패키지로 다룰 수 있다는 입장을 재차 밝혔다 두 사안이 직접적으로 연계되는 것을 경계하는 한국 정부의 부담이 커졌다 미국이 상호관세 부과를 90일 유예한 만큼 미국 측 진의를 신중하게 파악해야 한다는 제언이 나왔다 경', '트럼프 “무역협상 때 韓·日 같은 동맹을 우선하라” 한미 간 통상 협상이 지난 8일 한덕수 대통령 권한대행 국무총리와 도널드 트럼프 미국 대통령의 통화를 계기로 사실상 개시됐다 양 정상은 통화에서 조선 협력과 한국의 미국산 액화천연가스LNG 구매 미국의 한국에 대한 무역 적자 방위비 분담금 문제 등을 거론했다 한 대행은 통상장관정인교 통상교섭본부장을 미국에 보냈다고 말했고 트럼프 대통령은 통화를 마치자마자 케빈 헤싯 국가경제위원회NEC 위원장에게 무역 협상에서 한국일본 같은 동맹을 우선하라고 지시했다 미국의 관세 정책에 보복 관세로 맞서는 중국에 비해 반발이 덜한 한일 등 우방부터 협상을 벌여 성과를 내겠다는 의도로 풀이된다 정 본부장은 9일 미국 워싱턴 DC에 도착해 제이미슨 그리어 미 무역대표부USTR 대표와 협의에 들어갔다 정 본부장은 현지에서 기자들과 만나 알래스카 LNG 건도 중요한 부분이고 이미 양국 간 협의가 진행되고 있는 조선도 미국 측이 가장 관심을 갖는 영역이라고 했다 이와 관련 정부 고위 관계자는 이날 브리핑에서 미국이 한국에 대해 부과한 25 관세를 조정하는 것이 최우선 목표라고 했다 이 관계자는 관세와 무역 수지 문제 방위비 분담금을 연동해 협상하자는 미국 측의 원스톱 쇼핑 제안에 대해 지금은 입장을 말하기 어렵다면서도 가능성을 배제하지 않았다 양국 정부는 여러 장관급 채널을 가동해 관련 협상을 진행할 것으로 전망된다', '트럼프 “원스톱 쇼핑”… 한국 방위비·관세 패키지 협상 시사 한덕수 대통령 권한대행 국무총리는 8일 밤 도널드 트럼프 미국 대통령과 28분가량 통화했다 123 비상계엄과 미국 트럼프 2기 행정부 출범 이후 한미 정상 간 통화는 처음이다 트럼프 대통령은 통화에서 대한 무역 적자 문제와 관세 조선업 협력 미국산 액화천연가스LNG 방위비 분담금 문제 등을 거론했다 한 대행은 한국과 미국이 윈윈하길 희망한다고 했다고 총리실이 전했다 양측 통화 직후 케빈 해싯 국가경제위원회NEC 위원장은 언론 인터뷰에서 트럼프가 무역 협상에서 한국일본 같은 동맹을 우선하라고 지시했다고 밝혔다']"
1,42,1_이재명_대선_진짜_더불어민주당,"['이재명', '대선', '진짜', '더불어민주당', '대표가', '출마를', '대표는', '출마', '공식', '10일']","['이재명, 대선 출마 선언···제 1국정 목표로 ‘경제 성장’ 제시 이재명 전 더불어민주당 대표가 10일 영상을 통해 21대 대선 출마를 공식 선언하고 있다 이 전 대표 유튜브채널 갈무리 이재명 전 더불어민주당 대표가 10일 오는 6월3일 열리는 제21대 대선 출마를 공식 선언했다 윤석열 전 대통령 파면으로 3년 만에 치러지는 조기 대선의 가장 유력한 주자가 본격적인 대선 행보를 펼치기 시작했다 짧은 선거 기간 동', '이재명 ""진짜 대한민국을 만들고 싶다""…대선 출마 공식 선언 더불어민주당 이재명 전 대표가 10일 영상 메시지를 통해 대선 출마의 각오와 의지를 밝혔다 사진이재명 캠프 제공이재명 전 더불어민주당 대표가 진짜 대한민국을 만들고 싶다며 대선 출마를 공식 선언했습니다', '[속보]이재명, 온라인 영상으로 21대 대선 출마 선언 “진짜 대한민국 만들 것” 10일 21대 대선 출마를 공식 선언한 이재명 전 더불어민주당 대표 이 전 대표 유튜브 채널 갈무리 이재명 전 더불어민주당 대표가 10일 진짜 대한민국을 만들겠다며 오는 6월3일 열리는 제21대 대선 출마를 공식 선언했다 이 전 대표는 이날 SNS 등에 공개한 출마 선언 영상에서 그냥 이름만 있는 대한민국이 아니라 진짜 대한민국을 만들고 싶다']"
2,41,2_헌법재판관_이완규_대통령_한덕수,"['헌법재판관', '이완규', '대통령', '한덕수', '함상훈', '지명한', '지명', '재판관', '법제처장과', '권한대행']","['민주당 “헌법재판관 후보자 청문회 보이콧 검토”  당에 헌법재판관 임명 저지추경 당부더불어민주당은 한덕수 대통령 권한대행 국무총리가 헌법재판관 후보자로 지명한 이완규 법제처장과 함상훈 서울고법 부장판사의 국회 인사청문회', '[단독]입법조사처 “韓대행 헌법재판관 지명은 위헌” 유권해석 국회 입법조사처가 10일 한덕수 대통령 권한대행 국무총리의 대통령 몫 헌법재판관 후보자 지명에 대해 권한대행의 권한 범위를 넘어선 위헌위법이라는 의견이 헌법학자들 사이에서 압도적이라는 유권해석을 내린 것으로 전해졌다 이에 따라 우원식 국회의장은 이르면 이날 한 권한대행의 이완규 법제처장과 함상훈 서울고법 부장판사 지명에 대해 권한쟁의심판 청구 및 효력정지 가처분 신청 등 법적 대응에 나선다는 방침이다입법조사처는 이날 헌법학계와 전문가 등을 상대로 유권해석을 두루 실시한 결과 압도적인 다수로부터 한 권한대행의 대통령 몫 헌법재판관 후보자 지명은 권한을 넘어선 위헌 위법행위라는 의견을 받았다고 우 의장 측에 전달했다 앞서 우 의장 측은 입법조사처에 한 대행의 인사청문회 요청이 적법한지 아닌지에 대한 유권해석을 해줄 것을 의뢰했다입법조사처는 선거를 통해 민주적 정당성을 부여받은 대통령만이 대통령 몫 헌법재판관 후보자 지명권 및 헌법재판관 임명권을 가질 수 있다고 본 것으', '마은혁 ‘韓대행 재판관 지명’ 헌법소원-가처분 주심 맡는다 한덕수 대통령 권한대행 국무총리가 대통령 몫 헌법재판소 재판관 후보자 2명을 지명한 것에 대한 헌법소원 및 효력정지 가처분 사건의 주심을 마은혁 재판관이 맡게 됐다법조계에 따르면 헌재는 10일 무작위 전차 추첨 방식으로 주심을 마 재판관에게 배정했다 주심은 사실관계 확인과 결정문 초안 작성 등의 역할을 맡는다한 권한대행은 8일 대통령 몫 헌재 재판관 후보자로 이완규 법제처장과 함상훈 서울고법 부장판사를 지명해 위헌 논란이 일었다 9일 김정환 법무법인 도담 변호사를 시작으로 법무법인 덕수 등은 대통령 고유 권한인 헌재 재판관 후보자 지명권을 권한대행이 행사하는 것은 위헌이라며 헌법소원을 청구하면서 재판관 지명의 효력을 정지해달라는 가처분을 함께 신청했다 10일까지 총 6건의 헌법소원 및 가처분 신청이 접수됐다마 재판관은 지난해 12월 26일 더불어민주당 추천의 국회 몫 후보자로 선출됐지만 한 권한대행이 임명을 보류하고 최상목 부총리도 조한창 정계선 재판관만 임명하면서']"
3,34,3_경선_후보_후보를_3일,"['경선', '후보', '후보를', '3일', '선출', '1차', '대선', '2차', '국힘', '50']","['국힘, 경선 1차서 4인 뽑고 2차서 2인 선출 국민의힘이 오는 6월 3일 열리는 대선 후보 선출 방식을 10일 확정했다 1차 경선에서 국민 여론조사 100로 후보를 4인으로 압축하고 2차 경선에서 2인으로 압축한 뒤 3차 경선에서 최종 후보를 선출하는 방안이다 모든 경선 여론조사에 역선택 방지 조항도 넣기로 했다', '국힘 경선, 1차서 후보 4명 압축…2차선 양자대결로 국민의힘은 10일 대통령 선거 후보 선출을 위한 경선 일정과 방식을 확정했다 1차 예비경선컷오프에서 일반국민 여론조사 100로 후보 4인을 추리고 2차 경선에서 당심 50와 민심 50로 후보를 2인으로 압축한 뒤 최종 후보를 선출하는 방식이다국민의힘 경선 선거관리위원회 부위원장을 맡은 이양수 당 사무총장은 이날 서울 영등포구 여의도 국회에서 열린 비상대책위원회의 직후 기자들과 만나 선관위 회의 결과를 바탕으로 비대위에서 이같은 대선 후보 선출 방안을 의결했다고 밝혔다국민의힘은 오는 1415일 후보 등록 신청을 받은 뒤 서류심사를 거쳐 16일 1차 경선 진출자를 발표한다 17일 미디어데이를 열어 흥행을 도모하고 토론회 조 추첨을 할 예정이다 18일부터 20일까지 사흘간 후보자 토론회가 열린다 이 사무총장은 프로야구나 프로축구에서 미디어데이를 열듯 국민적 관심을 일으키고 후보자들이 국민께 잘 홍보될 수 있도록 미디어데이를 하기로 했다고 설명했다이후', '국힘 경선룰 ‘1차에서 4명 압축, 최종 2명 결선’ 확정 국민의힘은 10일 63 대선 후보 경선에서 1차 경선컷오프에서 4명으로 후보를 압축한 뒤 과반 득표자가 없을 경우 2차 컷오프에서 2명으로 좁혀 3차 경선인 최종 결선을 치르는 컷오프 방식을 확정했다 지난 대선에서 1차 컷오프에서 8명 2차 컷오프에서 4명으로 압축한 뒤 대선 후보를 선출한 방식에서 변화를 준 것이다국민의힘은 이날 비상대책위원회를 열고 1차 경선은 국민여론조사 100 방식으로 2차 경선은 국민여론조사 50 당원투표 50 방식으로 진행하기로 했다 1차 경선에선 압축된 4명의 후보자 중 과반 득표자가 나오면 최종 경선 없이 대선 후보를 확정한다 과반 득표자가 없으면 2차 경선에서 후보 2명을 선출한 뒤 최종 결선을 치른다 1차 경선 결과는 22일 2차 경선 결과는 29일 발표된다 결선을 진행할 경우 5월 3일 전당대회를 열어 최종 후보자를 선출한다 이양수 선거관리위원회 부위원장은 이날 국민적 관심을 제고한다는 차원에서 2인 경선이']"
4,28,4_전한길_윤석열_대통령을_씨는,"['전한길', '윤석열', '대통령을', '씨는', '한국사', '강사', '대통령이', '관저에서', '이철우', '씨가']","['전한길 “어제 尹 만나…본인 감옥 가도 상관없지만 청년에 미안하다고 해” 한국사 강사 전한길 씨가 한남동 관저를 찾아 이사를 앞둔 윤석열 전 대통령을 만났다10일 전 씨는 전한길 뉴스 홈페이지에 다음과 같은 글을 올렸다 전한길 뉴스는 전 씨가 1인 미디어 언론사의 취지로 만든 사이트다전 씨는 윤 전 대통령과 악수할 때 지켜드리지 못한 미안함 선고가 기각돼 직무에 복귀하셨으면 얼마나 좋았을까라는 생각이 들었다고 밝혔다윤 전 대통령은 전 씨에게 나야 감옥에 가거나 죽어도 상관없지만 국민과 청년 세대는 어떡하나라고 말했다이에 전 씨는 그분의 마음은 온통 국민과 국가뿐이었다 한참 침묵할 수밖에 없었다고 심경을 전했다이어 그는 헌법학자 허영 교수의 기고문에서 국가긴급권은 대통령만이 판단할 수 있는 고도의 통치 행위이며 이를 이유로 처벌되거나 파면된 사례는 없다는 내용을 인용했다그러면서 헌재는 비상계엄 선포의 원인과 결과는 외면하고 과정만 부각했다 위법한 증거불법에 근거해 대통령을 파면했다며 이는 세계 탄', '""배신으로 큰 상처 받았다"" 퇴거는 안하고 관저 정치하는 윤석열 [자막뉴스] 윤석열 전 대통령의 비상계엄을 공개 지지해 온 강사 전한길 씨가 어제 한남동 관저를 찾아 윤 전 대통령을 만났습니다전 씨는 윤 전 대통령이 퇴', '""배신으로 큰 상처 받았다"" 퇴거는 안하고 관저 정치하는 윤석열 [자막뉴스] 윤석열 전 대통령의 비상계엄을 공개 지지해 온 강사 전한길 씨가 어제 한남동 관저를 찾아 윤 전 대통령을 만났습니다전 씨는 윤 전 대통령이 퇴']"
5,24,5_내일_오후_사저로_서초동,"['내일', '오후', '사저로', '서초동', '관저를', '한남동', '5시', '관저', '대통령이', '대통령']","['윤 전 대통령, 내일 오후 퇴거…정치 행보 이어갈 듯 9650 윤석열 전 대통령윤석열 전 대통령이 내일 오후 5시 서울 한남동 관저를 떠나 서울 서초동 자택으로 거처를 옮길 예정입니다대통령', '尹, 내일 오후 5시 관저 퇴거…40명 규모 사저 경호팀 편성 윤석열 전 대통령이 11일 오후 5시 한남동 관저를 떠나 서초동 사저로 이주한다 윤 전 대통령 측 관계자는 10일 윤 전 대통령은 내일 오후 5시 관저를 떠나 사저로 이동한다고 밝혔다 이 관계자는 대통령실 수석비서관 이상 참모들은 윤 전 대통령의 퇴거 시간에 맞춰 관저를 방문할 것이라며 별도의 메시지가 나올지 차량에서 내려 인사를 할지 등', '尹, 내일 오후 5시 대통령 관저 떠난다…반려동물 11마리도 함께 서초동으로 윤석열 전 대통령이 11일 오후 5시 서울 한남동 관저에서 서초동 사저로 거처를 옮긴다 10일 연합뉴스에 따르면 윤 전 대통령 측 관계자는 이날 윤 전 대통령은 내일 오후 5시']"
6,20,6_한덕수_국민의힘_권한대행_출마,"['한덕수', '국민의힘', '권한대행', '출마', '대선', '국무총리의', '권한대행을', '대통령', '권한대행의', '트럼프']","['국민의힘 내 한덕수 대선 출마론 확산, 민주당 “헛된 꿈 깨시라” 한덕수 대통령 권한대행 겸 국무총리가 10일 서울 종로구 정부서울청사에서 열린 국정현안관계장관회의에서 모두발언을 하고 있다 대통령실사진기자단 국민의힘에서 한덕수 대통령 권한대행 겸 국무총리의 대선 출마론이 확산되고 있다 당 안팎에서 한 권한대행의 출마 자격과 성공 가능성을 두고 비판이 나왔다 10일 국민의힘에서는 한 권한대행이 대선 경선에 나서야 ', '국힘 한덕수 차출론 시끌…“통합 적임자” vs “또 외부주자냐” 국민의힘 친윤친윤석열계 대선 주자들이 줄줄이 불출마를 선언하면서 한덕수 대통령 권한대행 국무총리의 출마 여부에 눈이 쏠리고 있다 국민의힘 내에서는 의원들 몇 십 명이 한 권한대행의 출마를 촉구하려고 모였다는 이야기도 나온다 당 선거관리위원회 관계자는 한 권한대행을 향해 이번 주 중까지는 결정을 하셔야 한다라고 말했다 한 대선 후보 캠프 관계자는 한 권한대행을 차출하자는 의원들이 물에 물 탄듯한 스타일의 한 권한대행을 휘어잡고 뜻대로 끌고 갈 수 있다고 생각하는 거 아니냐고 말했다10일 국민의힘에서 충청 중진인 4선 박덕흠 의원 3선 성일종 의원 등을 필두로 한 권한대행의 출마를 요청하기 위한 논의가 계속되고 있다 당 지도부 내에서도 한 권한대행의 출마 필요성에 공감하는 인사가 있는 것으로 전해졌다 성 의원은 이날 오후 국민의힘 호남 지역 당협위원장들이 한 권한대행의 출마를 촉구하는 기자회견을 주선하며 한 권한대행 차출론을 이어갔다국민의힘 내부에선 한 권', '한덕수, 출마 가능성 묻자 “그런 일 있으면 알려드리겠다” 친윤친윤석열계 인사들이 줄줄이 대선 불출마를 선언하면서 한덕수 대통령 권한대행 국무총리의 대선 출마 여부에 관심이 쏠리고 있다 한 권한대행은 10일 출마 가능성을 묻는 동아일보 질문에 그런 일이 있으면 알려드리겠다고 밝혔다 출마 가능성을 배제하지 않은 것으로 풀이된다 한 권한대행은 이날 오전 국정현안관계장관회의에서 출마 여부를 일절 언급하지 않았다 한 권한대행 측은 당장 출마나 불출마 여부를 밝힐 계획은 없다는 입장이다 한 정부 관계자는 정치인도 아닌 현직 총리이자 권한대행이 불출마를 선언하는 것도 이상하지 않으냐고 말했다 이에 2017년 대선 당시 황교안 대통령 권한대행 국무총리가 국무회의에서 조기 대선 일정을 확정한 후 곧바로 불출마 선언을 한 것과 대비된다는 이야기도 나온다 당시 자유한국당현 국민의힘 지도부는 황 권한대행의 대선출마를 위해 예비 경선 없이 본 경선에 참여시키는 특례까지 도입했었다국민의힘에선 친윤계 윤상현 의원이 한 권한대행을']"
7,19,7_한동훈_막아야_국민의힘_대표가,"['한동훈', '막아야', '국민의힘', '대표가', '대선', '나라', '국회', '앞에서', '대표는', '출마']","['한동훈, 대선 출마 선언…이재명 겨냥 ""괴물정권 탄생 막아야"" 국민의힘 한동훈 전 대표가 10일 서울 여의도 국회 분수대 앞에서 대선 출마 선언을 하고 취재진의 질문에 답하고 있다 사진연합뉴스한동훈 전 국민의힘 대표가 오늘10일 국회 본관 분수대 앞에서 21대 대통령', '한동훈, 대선 출마선언 “이재명도 사실상 탄핵…서태지처럼 내가 시대교체” 한동훈 전 국민의힘 대표가 10일 국회 분수대 앞에서 21대 대통령선거 출마 선언을 하고 있다 한수빈 기자 한동훈 전 국민의힘 대표가 10일 63 대선 출마를 선언했다 비상계엄 사태에서 자유로운 자신이 이재명 전 더불어민주당 대표를 이길 수 있는 주자라고 말했다 탄핵 찬성파였지만 윤석열 전 대통령 직접 비판을 자제하며 윤석열 정부 정책 일부를 계승', '“괴물 정권 탄생 막아야”…한동훈, 국회 광장서 대선 출사표[청계천 옆 사진관] 한동훈 전 국민의힘 대표가 돌아왔다10일 서울 여의도 국회 광장 분수대 앞에서 한동훈 전 국민의힘 대표가 대통령 선거도전을 공식 선언했다 한 전 대표는 이날 연설에서 국민이 먼저인 나라 중산층을 위한 나라 실용의 정치로 시대를 바꿔야 한다며 정치 교체 세대 교체시대 교체를 강조했다 총연설 시간은 45분 정치경제남북관계IT등 많은 내용을 담았다 한 전 대표는 기존의 80년대 운동권 세력의 퇴보를 주장하면서 4년 중임제 개헌 양원제 도입 비례대표제 폐지 선관위개혁 등을 포함한 제도 개혁 구상을 밝혔다 그는 같은날 대선 출마를 공식 선언한 이재명 전 더불어민주당 대표를 겨냥해 괴물정권이 탄생해 나라를 망치는 것은 막아야 한다고강조했다한 전 대표는 문화 대통령으로 불리는 서태지와 아이들을 거론해 눈길을 끌었다 록커가 랩과댄스를 하는 것에 배신감을 느낀 사람들이 많았지만 얼마 지나지 않아 그는 시대를 바꾸는 문화 대통령이 됐다며 시']"
8,18,8_개헌_우원식_동시투표_동시,"['개헌', '우원식', '동시투표', '동시', '대선개헌', '국회의장이', '제안을', '대선', '사실상', '7일']","['""대선·개헌 동시투표 어렵다"" 우원식, 사흘 만에 제안 철회 우원식 국회의장이 9일 국민적 공감대에 기초한 제 정당의 합의로 대선 이후 본격적인 논의를 이어가자며 기존 제안을 거둬들였다 지난 6일 제안했던 대선개헌 동시투표 구상', '친명계 “최우선 과제는 내란 완전 종식” 우원식 국회의장이 6일 대통령 선거일에 개헌 국민투표를 동시에 시행하자고 제안했지만 이재명 더불어민주당 대표는 따로 입장을 내지 않았다 이 대표는 과거 여러 차례 개헌 필요성을 말했다 2022년 대선에서는 대통령 4년 중임제가 포함된 개헌을 주요 공약에 넣었고 이후에도 같은 해 9월 국회 교섭단체 대표 연설과 이듬해 신년 기자회견에서 개헌을 제안했다 정치권에서는 차기 대통령 지지도 조사에서 1위인 이 대표의 선택이 개헌 성사 여부를 가를 키가 될 것으로 보고 있다 이 대표 측은 대표가 고심하고 있지 않겠나 늦지 않게 입장을 낼 것이라고 했다 이 대표를 제외한 민주당 친명계에서는 우 의장의 특별 담화 직후부터 개헌 반대 입장이 잇따라 나왔다 개헌 필요성엔 공감하지만 최우선 과제는 내란 종식이라는 것이다', '우의장, 대선·개헌 동시 투표 제안 철회...“선거 후 논의” 우원식 국회의장이 대선개헌 동시 투표 제안을 9일 철회했다 개헌에 대한 정당별 입장 차가 큰 만큼 관련 논의를 대선 뒤로 미루자는 것이다 우 의장은 이날 페이스북 글에서 국민적 공감대에 기초한 제 정당의 합의로 대선 이후 본격 논의를 이어가자면서 현 상황에서는 대선 동시투표 개헌이 사실상 어려워졌다고 판단한다고 밝혔다']"
9,15,9_원희룡_불출마_김기현_국토교통부,"['원희룡', '불출마', '김기현', '국토교통부', '출마하지', '김태흠', '대선', '대선에', '국민의힘', '않겠다고']","['원희룡 “탄핵에 큰 책임” 대선 불출마…‘친윤’ ‘낮은 지지율’이 이유? 원희룡 전 국토부 장관이 지난달 26일 경북 안동시 안동체육관에 마련된 산불 대피시설에서 자원봉사를 하고 있다 연합뉴스 원희룡 전 국토교통부 장관이 이번 대선에 출마하지 않겠다고 밝혔다 원 전 장관은 지난 9일 밤 페이스북에 저는 이번 대선에 출마하지 않는다고 적었다 그는 제가 대선 선대위 정책본부장으로 또 국토교통부 장관으로 참여했던 윤석', '원희룡, 대선 불출마 선언…""대통령 탄핵, 내게도 큰 책임"" 원희룡 전 국토교통부 장관 사진연합뉴스원희룡 전 국토교통부 장관이 63 조기 대선에 출마하지 않겠다고 밝혔습니다 원 전 장관은 오늘9일 자신의 페이스북에 지난 대선 선대위 정책본부장으로 또 국', '국민의힘 원희룡·김기현 등 불출마…대선후보 10명 안팎 전망 원희룡 전 국토교통부 장관과 김기현 의원 김태흠 충남도지사 박형준 부산시장 등 잠재적 대선후보로 거론됐던 국민의힘 인사들이 대선 불출마를 선언했다원 전 장관은 지난 9일 자신의 페이스북을 통해 책임을 다하기 위해 대선에 출마하지 않겠다며 보수 진영 주요 대선주자 가운데 가장 먼저 불출마 의사를 밝혔다이어 제가 대선 선대위 정책본부장으로 또 국토교통부 장관으로 참여했던 윤석열 정부가 대통령 탄핵을 맞았다며 저에게도 큰 책임이 있다고 적었다그는 지난 전당대회를 통해 당정이 분열하면 모두가 공멸할 것이라고 절박하게 경고했지만 막아내지 못했다 저의 부족함 때문이라며 대선 승리를 위해 당의 단합과 국민의 지지에 필요한 일이라면 어떠한 역할이라도 하겠다고 했다김 의원은 10일 페이스북에서 이번 국민의힘 대선 경선에 참여하지 않는다며 대통령 탄핵을 막아내지 못했다 저부터 먼저 그 책임을 통감하며 자숙과 성찰의 시간을 가지려 한다고 했다그러면서 우리 당']"
10,15,10_정권_교체_김문수_결과가,"['정권', '교체', '김문수', '결과가', '12', '이재명', '재창출', '37', '나왔다', '여론조사']","['이재명 32%·김문수 12%…정권 교체 48% vs 재창출 37% [NBS] 이재명 전 더불어민주당 대표가 차기 대통령 적합도 조사에서 32로 1위라는 여론조사 결과가 10일 나왔다 엠브레인퍼블릭케이스탯리서치코리아리서치한국리서치가 지난 79일 만', '이재명 32%·김문수 12%…정권 교체 48% vs 재창출 37% [NBS] 차기 대통령 적합도 조사에서 이재명 전 더불어민주당 대표가 32를 기록했고 김문수 전 고용노동부 장관이 12로 뒤를 이었다는 여론조사 결과가 10일 나왔다', '정권 교체 48%·정권 재창출 37%…이재명 32%·김문수 12%[NBS] 63대선에서 정권을 교체해야 한다는 응답이 48 정권을 재창출해야 한다는 응답이 37라는 여론조사 결과가 10일 나왔다 정당 지지도는 민주당이 34 국민의힘이 33로 오차범위 내였다엠브레인퍼블릭케이스탯리서치코리아리서치한국리서치가 이달 7일부터 3일간 전국 만 18세 이상 남녀 1001명을 대상으로 실시한 정례 전국지표조사휴대전화 가상번호를 이용한 전화면접 100 방식으로 실시 자세한 사항은 중앙선거여론조사심의위원회 홈페이지 참조에선 이 같은 결과가 나왔다 스스로 중도층이라고 밝힌 사람 중에선 정권 교체 응답55이 정권 재창출 응답26보다 2배 이상으로 높았다차기 대통령 적합도는 더불어민주당 이재명 전 대표가 32로 가장 높았다 김문수 전 고용노동부 장관12 홍준표 대구시장7 오세훈 서울시장과 국민의힘 한동훈 전 대표는 각각 5였다 대선 후보들의 호감도 조사에서도 이 전 대표에게 호감이 간다고']"
11,14,11_홍준표_9632_이준석_대구시장이,"['홍준표', '9632', '이준석', '대구시장이', '뉴스브리핑gt', 'lt편상욱의', '강남', '명태균', '세대', '홍석준']","['[여담야담] 이재명 ""진짜 대한민국 만들 것""…한동훈 ""정치·세대·시대 교체"" SBS lt편상욱의 뉴스브리핑gt 9632 lt편상욱의 뉴스브리핑gt 9632 9632 홍석준 전 국민의힘 국회의원', '[여담야담] 이재명 ""진짜 대한민국 만들 것""…한동훈 ""정치·세대·시대 교체"" SBS lt편상욱의 뉴스브리핑gt 9632 lt편상욱의 뉴스브리핑gt 9632 9632 홍석준 전 국민의힘 국회의원', '민주당 “홍준표, 명태균 연루 정황 또 나와…정계은퇴 약속 지키라” 더불어민주당 명태균게이트 진상조사단은 조기 대선 출마를 공식화한 홍준표 대구시장이 정치 브로커 명태균 씨 의혹에 연루된 정황이 계속 드러나고 있다며 집중 공세를 폈다진상조사단은 10일 김용만 대변인 명의 성명을 통해 명 박사 잘 지내냐 차가 낡았다니까 새 차로 바꿔줘야 되겠네라고 홍 시장이 말했다는 보도를 거론하며 두 사람의 사적 친분이 일면식 수준이 아니었음이 명확히 드러난 것이라고 비판했다 이어 명태균 국정농단에 홍준표 시장 역시 깊숙이 관여했다는 의혹을 결코 부정할 수 없다며 탄핵당한 당은 대선 포기하라던 그가 이제는 스스로 대권을 운운하는 이 모순된 행태 도대체 국민 앞에서 얼마나 더 기만을 이어가시겠는가라고 덧붙였다김 대변인은 그동안 홍 시장은 명태균과의 관계를 전면 부인해 왔지만 관련 의혹과 정황은 이제 차고 넘친다고 주장했다그러면서 대통령 부부와의 비공식 회동을 명태균이 직접 주선 총선지선 등 선거 여론조사 개입 및 측근 대납']"
12,14,12_김문수_고용노동부_장관이_전태일,"['김문수', '고용노동부', '장관이', '전태일', '출마', '일자리', '우의', '꺾을', '끝에서', '대선']","['김문수 “대기업 노조, 전태일 정신과 완전히 반대” 63 대통령선거 국민의힘 경선 출마를 선언한 김문수 전 고용노동부 장관이 10일 대기업 노동조합이 임금투쟁을 계속하는 것은 전태일 정신과 완전히 반대라고 말했다 김 전 장관은 이날 서울 종로구 전태일기념관을 방문한 자리에서 현대차와 같은 우리나라 노동조합은 평균 임금이 1억원 넘는다 현대 기아 다 1억원이 넘는다며 이같이 밝혔다 그는 대기업 노조는 하청 공장에 대해서는 하나도 돌보지 않는다며 전태일 정신은 자신의 임금을 올려달라는 것이 아닌 더 어려운 사람을 돕는 기독교 정신이라고 주장했다또한 전태일은 자본주의 자체를 부정하는 혁명가가 아니다라고 덧붙였다이어 제가 노동운동을 시작하게 된 직접적인 계기가 전태일이라며 1970년에 전태일 열사가 분신을 했는데 대학 1학년 시절 상당히 충격을 받았다고 했다그는 남을 위해서 희생하는 정신이 전태일 정신이라며 마석 모란공원 공동묘지에 가보면 비석에 기독 청년 전태일의 묘라고 쓰여 있다', '[인터뷰] 김문수 ""좌의 끝에서 우의 끝까지 가 봐…국민통합 할 것"" SBS lt편상욱의 뉴스브리핑gt 9632 lt편상욱의 뉴스브리핑gt 9632 9632 김문수 전 고용노동부 장관9679 김문수 전 고용노동부 장관 인터뷰김문수  전 고용노동부 장관좌의 끝에서 우의 끝까지 가 봐8229국민 통합할 것현재 국난 극복에 나 같은 사람 필요하다고 생각이재명과 잘 아는 사이8229이재명 꺾을 사람은 나뿐이재명 거짓말 많이 하고 반기업적대통령 하면 안돼대통령이 기업 중시해야 일자리 늘어나8229기업 유치할 것이재명 꺾을 후보자 나온다면 후보자 자리 양보할 수 있어최근 전광훈 목사와 연락하거나 활동하는 바 없어청년층 일자리 문제부터 가장 관심 두고 해결할 것 9655 편상욱  앵커  이제는 낮은 곳에서 더 뜨겁게 일하겠다', '[인터뷰] 김문수 ""좌의 끝에서 우의 끝까지 가 봐…국민통합 할 것"" SBS lt편상욱의 뉴스브리핑gt 9632 lt편상욱의 뉴스브리핑gt 9632 9632 김문수 전 고용노동부 장관9679 김문수 전 고용노동부 장관 인터뷰김문수  전 고용노동부 장관좌의 끝에서 우의 끝까지 가 봐8229국민 통합할 것현재 국난 극복에 나 같은 사람 필요하다고 생각이재명과 잘 아는 사이8229이재명 꺾을 사람은 나뿐이재명 거짓말 많이 하고 반기업적대통령 하면 안돼대통령이 기업 중시해야 일자리 늘어나8229기업 유치할 것이재명 꺾을 후보자 나온다면 후보자 자리 양보할 수 있어최근 전광훈 목사와 연락하거나 활동하는 바 없어청년층 일자리 문제부터 가장 관심 두고 해결할 것 9655 편상욱  앵커  이제는 낮은 곳에서 더 뜨겁게 일하겠다']"
13,13,13_박성재_권성동_원내대표는_법무부,"['박성재', '권성동', '원내대표는', '법무부', '기각', '이재명', '헌재', '대한', '내란', '탄핵']","['민주, 법무장관 탄핵기각에 “내란 특검 필요성 커졌다” 더불어민주당은 10일 헌법재판소의 박성재 법무부 장관 탄핵소추안 기각 결정을 두고 내란 특검의 필요성이 더욱 커졌다고 비판했다조승래 민주당 수석대변인은 이날 서면 브리핑을 통해 내란 공모 혐의자에 대한 단죄가 미뤄져 유감스럽다며 이같이 밝혔다조 대변인은 오늘의 헌재 결정은 결코 면죄부가 아니다며 피의자들의 비협조와 미진한 수사로 구체적 물증을 확보하지 못해서 파면하지 못했을 뿐이라고 주장했다이어 특검을 조속히 도입해 철저한 수사로 베일에 싸인 안가 회동과 불법 계엄의 전모를 밝혀야 한다며 그때 알 바 아니라는 오만한 태도로 일관한 피의자들에 대한 심판이 재개될 것이라고 강조했다그러면서 민주당은 내란의 진실을 밝히고 내란 세력을 단죄하는 날까지 온 힘을 다하겠다고 덧붙였다앞서 헌재는 이날 오후 박 장관의 탄핵 심판 사건 선고기일을 열고 평의에 참여한 재판관8인 전원일치 의견으로 기각 결정했다서울뉴스1', '권성동 “박성재 탄핵은 이재명 노려봤다는 괘씸죄…기각 당연” 헌법재판소가 10일 박성재 법무부 장관에 대한 국회의 탄핵소추를 기각한 데 대해 국민의힘이 이재명 세력 줄탄핵 시리즈의 10번째 줄기각이라고 밝혔다국민의힘 권성동 원내대표는 이날 헌재의 박 장관에 대한 탄핵심판 선고 직후 페이스북을 통해 탄핵소추 96일 만에 열린 단 한 번의 2시간짜리 변론으로 끝난 졸속탄핵이었던 만큼 재판관 8명 전원일치 기각은 지극히 당연하고 상식적인 결과라며 이같이 말했다권 원내대표는 박 장관 탄핵은 더불어민주당의 아버지를 노려봤다는 괘씸죄를 물은 사건으로 이재명표 절대독재를 상징하는 악성탄핵이었다고 주장했다앞서 국회는 박 장관이 국회 본회의장에서 김건희 특검법 재의요구 이유를 설명한 뒤 자리로 돌아가다가 이 전 대표를 노려봤다는 점을 탄핵소추 사유로 명시했는데 헌재는 이날 이는 박 장관이 국회 본회의 중 퇴장한 행위의 정황에 대한 서술이므로 별도로 판단하지 않는다고 밝혔다권 원내대표는 괘씸죄 법무장관을 무려 119일이나 직', '헌재, 박성재 법무장관 탄핵 전원일치로 기각…직무 복귀 헌법재판소가 10일 박성재 법무부 장관에 대한 국회의 탄핵소추를 기각했다 헌재 결정에 따라 박 장관은 지난해 12월 12일 국회에서 탄핵소추안이 가결된 지 119일 만에 직무에 복귀하게 됐다 헌재는 이날 오후 서울 종로구 대심판정에서 박 장관에 대한 탄핵심판 선고기일을 열고 재판관 8명 전원일치 의견으로 이같이 결정했다앞서 국회 측은 탄핵 사유로 비상계엄 선포 방조로 내란 행위 가담 국회 자료 제출 등 거부로 국회증언감정법 위반 국회 본회의 중도 퇴장으로 법률 위반 등을 제시했다이날 헌재는 박 장관이 묵시적암묵적 동의를 통해 대통령의 비상계엄 선포행위를 도왔다는 사실을 인정할 증거 또는 객관적 자료를 찾을 수 없다고 밝혔다이어 박 장관이 비상계엄 해제 직후 삼청동 안전가옥안가 모임에 참석했다는 논란에 대해서도 비상계엄이 해제된 뒤 대통령 안가에서 회동했다는 사정만으로 피청구인이 내란 행위에 따른 법적인 후속 조치를 논의하고 대응 방안을 모색함으로써 내']"
14,13,14_윤석열_내란_보수_조기,"['윤석열', '내란', '보수', '조기', '김건희', '국민의힘', '탄핵', '국민의힘을', '대통령', '대선']","['대통령 업무 기록 다 보겠다는 민주… 국힘 “공포 정치” 더불어민주당이 8일 윤석열 전 대통령이 남긴 기록물을 대통령기록물로 지정하지 못하도록 하는 법안을 발의하는 등 윤 전 대통령 측과 국민의힘을 겨냥한 공세를 이어갔다 민주당은 지난 4일 헌법재판소의 탄핵 인용 결정 후 윤 전 대통령에 대한 추가 수사와 재구속을 촉구하고 국민의힘 관련 의혹을 규명해야 한다며 연일 맹공을 퍼붓고 있다 국민의힘을 향해서는 대통령 후보를 내선 안 된다고도 했다 국민의힘은 6월 3일로 확정된 조기 대선을 유리한 국면으로 이끌어가기 위해 민주당이 보수 진영을 향해 공포 캠페인을 벌이고 있다고 했다', '끝을 보겠다는 민주당… “국힘 해산하고, 尹 재구속하라” 더불어민주당이 윤석열 전 대통령에 대한 헌법재판소의 탄핵 인용 선고 이후에 공세 수위를 오히려 더 끌어올리고 있다 국민의힘 해산 윤석열 재구속 등을 주장하는가 하면 내란 특검법과 명태균 특검법 등 거부권이 행사된 법안들에 대한 재의결도 추진하기로 했다 8년 전 박근혜 전 대통령 탄핵 국면에서 적폐 청산을 외쳤던 민주당은 이번엔 내란 척결을 명분으로 윤석열 정부 관계자들을 내란 공범으로 수사해야 한다고 하고 있다 조기 대선 국면에서 윤 전 대통령과 국민의힘을 향한 민주당의 강공 모드는 당분간 이어질 것이란 전망이 나온다', '내부 갈등, 영남 이탈, 尹 변수... 3각 파도 앞에 선 보수 윤석열 대통령 파면으로 여당 지위를 잃은 국민의힘은 주말인 6일 중진 의원 간담회 의원총회를 잇달아 열고 정국 수습 방안을 논의했다 조기 대선이 60일도 남지 않은 상황이지만 탄핵 찬반을 둘러싼 책임 공방이 이어지는 등 윤 대통령 탄핵 여파가 이어졌다 탄핵에 반대했던 전통적 지지층의 이탈 윤 전 대통령의 정치적 영향력 행사 가능성 등도 대선 국면에 변수가 될 수 있다는 분석이 나온다 국민의힘 관계자는 국민의힘이 마주한 3각 파도를 넘지 못하면 조기 대선 국면에서 좌초할 가능성이 있다면서 지도부와 주요 대선 주자는 물론 윤 전 대통령이 어떻게 행동하느냐에 보수 진영의 미래가 달렸다고 했다 국민의힘은 7일 경선 선거관리위원회를 발족하고 조기 대선 체제에 들어간다']"
15,12,15_잼버리_새만금_총체적_세계스카우트,"['잼버리', '새만금', '총체적', '세계스카우트', '감사원', '2023년', '허위', '여가부', '전북', '8월']","['감사원 “‘잼버리 사태’ 여가부, 국무회의에 허위보고”…총체적 부실 판단 2023년 8월 전북 새만금 세계스카우트 잼버리 현장에서 철수하는 대원들 연합뉴스 자료사진 감사원은 2023년 전북 새만금 세계스카우트잼버리가 파행된 원인은 조직위원회와 여성가족부 전라북도의 업무처리 총체적 부실이라고 결론내렸다 특히 김현숙 전 여가부 장관이 잼버리 준비 과정에서 의료사무 시설과 화장실샤워장 등의 설치가 지연되고 있다는 보고를', '감사원, ""새만금 잼버리, 업무 처리 총체적 부실로 실패"" 9650 2023년 8월 새만금 세계스카우트 잼버리 대회 떠나는 영국 대원들2023년 새만금 세계스카우트 잼버리가 파행으', '감사원, ""새만금 잼버리, 업무 처리 총체적 부실로 실패"" 9650 2023년 8월 새만금 세계스카우트 잼버리 대회 떠나는 영국 대원들2023년 새만금 세계스카우트 잼버리가 파행으']"
16,11,16_부정선거_절차_선관위_투개표,"['부정선거', '절차', '선관위', '투개표', '개표', '중앙선거관리위원회가', '의혹을', '시연회를', '공개', '제21대']","['투·개표 절차 공개…""가짜 투표용지"" 주장에는 대선을 앞두고 중앙선거관리위원회가 부정선거 의혹을 없애겠다며 투표와 개표 절차를 자세히 공개했습니다 부정선거 의혹을 주장하는 사람들도 이 장면을 지켜봤는데 이들은 선관위 직원들과 언쟁을 벌이기도 했습니다이 소식은 박예린 기자가 취재했습니다', '투·개표 절차 공개…""가짜 투표용지"" 주장에는 대선을 앞두고 중앙선거관리위원회가 부정선거 의혹을 없애겠다며 투표와 개표 절차를 자세히 공개했습니다 부정선거 의혹을 주장하는 사람들도 이 장면을 지켜봤는데 이들은 선관위 직원들과 언쟁을 벌이기도 했습니다이 소식은 박예린 기자가 취재했습니다', '선관위, 대선 투·개표 절차 시연…“더 이상 소모적 논쟁 없기를” 중앙선거관리위원회가 10일 제21대 대통령 선거와 관련해 언론에 투개표 절차를 시연하고 배추 잎일장기 투표지 등 부정선거 의혹에 대한 오해 불식에 나섰다선관위는 이날 오후 경기 과천 중앙선관위에서 대선 투개표 절차 시연회를 열었다이번 시연회는 투개표 과정의 세부 절차뿐 아니라 부정선거 의혹을 해소하기 위해 마련된 자리다선관위는 대선에서 실제 사용하는 선거 장비를 활용해 사전투표용지 발급부터 선거일 투표 개표까지의 전 과정을 공개했다 또 개표 보고 시스템을 통해 결과가 공개되는 절차에 대해서도 설명했다부정선거의 증거로 쓰인 소위 배추 잎 투표지 일장기 투표지 등에 대한 해명도 있었다 해당 투표지는 지난 21대 국회의원선거 선거무효소송 재검표 과정에서 부정선거를 주장하는 측이 근거로 제시했으나 대법원에서 정상 투표지라고 판단한 바 있다선관위 관계자는 국민들께 정확하고 객관적인 정보가 전달돼 더 이상 소모적인 논쟁이 없기를 바란다며 위원회']"
