title,description,published,link,media,desc_tokens,text,topic
"나경원, 11일 대선 출마 선언… “국민·나라 지킬 것”",나경원 국민의힘 의원이 11일 국회 본청 앞 계단에서 대선 출마를 선언한다,2025-04-10 06:13:00,https://www.chosun.com/politics/politics_general/2025/04/10/4MQQXGOMSJGXPEB4KWDNG5SCXE/,조선닷컴,"['나경원', '국민', '의원', '11', '국회', '본청', '계단', '대선', '출마', '선언', 'ㄴ다']","나경원, 11일 대선 출마 선언… “국민·나라 지킬 것” 나경원 국민의힘 의원이 11일 국회 본청 앞 계단에서 대선 출마를 선언한다",-1
권영세 “이재명 한 마디에 서열 2위 국회의장 짓밟혀”,권영세 국민의힘 비상대책위원장은 10일 이재명 전 대표의 말 한마디에 민주당 국회의원들과 개딸들이 총동원돼 국가서열 2위인 국회의장마저 무자비하게 짓밟고 있다고 했다,2025-04-10 00:50:00,https://www.chosun.com/politics/assembly/2025/04/10/CMX73EG6HZFA3O7KKIE34QRPZE/,조선닷컴,"['권영세', '국민', '비상', '대책', '위원장', '10', '이재명', '대표', '민주당', '국회의원', '총동원', '국가', '서열', '국회', '의장', '자비', '짓밟', '다고']",권영세 “이재명 한 마디에 서열 2위 국회의장 짓밟혀” 권영세 국민의힘 비상대책위원장은 10일 이재명 전 대표의 말 한마디에 민주당 국회의원들과 개딸들이 총동원돼 국가서열 2위인 국회의장마저 무자비하게 짓밟고 있다고 했다,-1
“새 시대의 박정희 되겠다”...이철우 경북지사 대선 출마 선언,이철우 경북지사가 9일 경북 구미의 박정희 대통령 생가에서 제21대 대통령 선거 출마 선언을 했다 이 지사는 새로운 시대의 박정희가 되어 대한민국을 초일류 국가로 만들겠다고 했다 이어진 서울 여의도 국회 기자회견에는 국민의힘 이인선 정희용 임종득 인요한 이달희 의원 등이 찾았다,2025-04-09 05:54:00,https://www.chosun.com/politics/politics_general/2025/04/09/JSE5WB5KGRERHDVOKM6MHVEYMQ/,조선닷컴,"['이철우', '경북', '지사', '경북', '구미', '박정희', '대통령', '생가', '21', '대통령', '선거', '출마', '선언', '지사', '새롭', '시대', '박정희', '대한민국', '일류', '국가', '만들', '다고', '이어지', '서울', '여의도', '국회', '기자', '회견', '국민', '이인선', '정희용', '임종득', '인요한', '이달희', '의원']",“새 시대의 박정희 되겠다”...이철우 경북지사 대선 출마 선언 이철우 경북지사가 9일 경북 구미의 박정희 대통령 생가에서 제21대 대통령 선거 출마 선언을 했다 이 지사는 새로운 시대의 박정희가 되어 대한민국을 초일류 국가로 만들겠다고 했다 이어진 서울 여의도 국회 기자회견에는 국민의힘 이인선 정희용 임종득 인요한 이달희 의원 등이 찾았다,-1
이재명 오늘 당대표직 사퇴... 중도 겨냥 싱크탱크도 띄워,오는 6월 3일 조기 대선 일정이 확정되면서 더불어민주당 대선 주자들의 출마 선언이 잇따르고 있다 이재명 대표가 9일 당대표직을 내려놓고 본격적인 대선 준비에 나설 예정인 가운데 당내 경선에 도전하는 비명계 주자들의 발걸음도 바빠지고 있다 비명계 대표 주자인 김동연 경기도지사와 김경수 전 경남도지사는 8일 저녁 서울 모처에서 만나 경선 출마 여부에 대해 논의한 것으로 알려졌다,2025-04-08 13:12:00,https://www.chosun.com/politics/assembly/2025/04/08/YC2S2P3A5ZE7ZMZYS3D2UMXS7U/,조선닷컴,"['조기', '대선', '일정', '확정', '면서', '더불어민주당', '대선', '주자', '출마', '선언', '잇따르', '이재명', '대표', '대표', '내려놓', '본격', '대선', '준비', '나서', '예정', '가운데', '당내', '경선', '도전', '비명', '주자', '발걸음', '바쁘', '비명', '대표', '주자', '김동연', '경기', '도지사', '김경수', '경남', '도지사', '저녁', '서울', '모처', '만나', '경선', '출마', '대하', '논의', '알려지']",이재명 오늘 당대표직 사퇴... 중도 겨냥 싱크탱크도 띄워 오는 6월 3일 조기 대선 일정이 확정되면서 더불어민주당 대선 주자들의 출마 선언이 잇따르고 있다 이재명 대표가 9일 당대표직을 내려놓고 본격적인 대선 준비에 나설 예정인 가운데 당내 경선에 도전하는 비명계 주자들의 발걸음도 바빠지고 있다 비명계 대표 주자인 김동연 경기도지사와 김경수 전 경남도지사는 8일 저녁 서울 모처에서 만나 경선 출마 여부에 대해 논의한 것으로 알려졌다,-1
"북한군 10여명, 무장한 채 군사분계선 침범… 경고사격에 퇴각",북한군 10여 명이 8일 오후 5시쯤 동부전선 비무장지대DMZ에서 군사분계선MDL을 침범해 국군이 즉각 경고 방송 및 경고 사격을 했다고 합동참모본부가 밝혔다 지난 4일 윤석열 대통령 파면으로 국내 정국이 조기 대선으로 전환된 가운데 북한이 대남 도발에 나선 것 아니냐는 지적이 나온다 북한 병력들은 전원 무장 상태였던 것으로 알려졌다,2025-04-08 09:16:00,https://www.chosun.com/politics/diplomacy-defense/2025/04/08/NRC2XXSONJD4JK76KG73M6VDRM/,조선닷컴,"['북한군', '10', '오후', '동부', '전선', '무장', '지대', 'DMZ', '군사', '분계선', 'MDL', '침범', '국군', '즉각', '경고', '방송', '경고', '사격', '다고', '합동', '참모', '본부', '밝히', '지나', '윤석열', '대통령', '파면', '국내', '정국', '조기', '대선', '전환', '가운데', '북한', '대남', '도발', '나서', '냐는', '지적', '나오', 'ㄴ다', '북한', '병력', '전원', '무장', '상태', '알려지']","북한군 10여명, 무장한 채 군사분계선 침범… 경고사격에 퇴각 북한군 10여 명이 8일 오후 5시쯤 동부전선 비무장지대DMZ에서 군사분계선MDL을 침범해 국군이 즉각 경고 방송 및 경고 사격을 했다고 합동참모본부가 밝혔다 지난 4일 윤석열 대통령 파면으로 국내 정국이 조기 대선으로 전환된 가운데 북한이 대남 도발에 나선 것 아니냐는 지적이 나온다 북한 병력들은 전원 무장 상태였던 것으로 알려졌다",-1
‘6·3 대선’ 확정… 김문수·안철수 출사표,윤석열 대통령 파면으로 치러지는 21대 대통령 선거일이 6월 3일 화요일로 확정되자 국민의힘 등 범보수 진영의 대선 주자급 인사들이 줄줄이 출마 선언에 나섰다,2025-04-08 15:56:00,https://www.chosun.com/politics/2025/04/09/NX7ZY456BNCN3EIBMOKHEJWIRM/,조선닷컴,"['윤석열', '대통령', '파면', '치르', '21', '대통령', '선거일', '화요일', '확정', '국민의힘', '보수', '진영', '대선', '주자급', '인사', '줄줄이', '출마', '선언', '나서']",‘6·3 대선’ 확정… 김문수·안철수 출사표 윤석열 대통령 파면으로 치러지는 21대 대통령 선거일이 6월 3일 화요일로 확정되자 국민의힘 등 범보수 진영의 대선 주자급 인사들이 줄줄이 출마 선언에 나섰다,-1
‘대선 출마’ 안철수 손가락에 적힌 의문의 여섯 글자 포착… 무슨 뜻?,안철수 국민의힘 의원이 8일 대통령 선거 출마 선언을 할 때 손가락에 여섯 글자가 적혀있는 장면이 포착돼 온라인에서 논란이 일었다,2025-04-08 05:57:00,https://www.chosun.com/politics/politics_general/2025/04/08/P4WOQKVPSJCMLL3HWDISI76H7U/,조선닷컴,"['안철수', '국민', '의원', '대통령', '선거', '출마', '선언', '손가락', '글자', '적히', '장면', '포착', '온라인', '논란']",‘대선 출마’ 안철수 손가락에 적힌 의문의 여섯 글자 포착… 무슨 뜻? 안철수 국민의힘 의원이 8일 대통령 선거 출마 선언을 할 때 손가락에 여섯 글자가 적혀있는 장면이 포착돼 온라인에서 논란이 일었다,-1
김두관 대선 출마 “개헌 대통령되겠다…임기 단축 2년도 받아들여”,김두관 더불어민주당 전 의원이 대통령 선거에 출마하겠다고 선언했다 김 전 의원은 저는 개헌 대통령이라는 이름으로 출마를 결심했다 제7공화국을 위해 임기를 2년 단축해야 한다면 기쁘게 받아들이겠다며 대한민국의 대전환 국가 대개혁을 위해 분권형 4년 중임제 개헌을 해야 한다라고 했다,2025-04-07 02:21:00,https://www.chosun.com/politics/assembly/2025/04/07/P33PPKMHWNCQFHKQIWSSNLST2M/,조선닷컴,"['김두관', '더불어민주당', '의원', '대통령', '선거', '출마', '다고', '선언', '의원', '개헌', '대통령', '라는', '이름', '출마', '결심', '공화국', '위하', '임기', '단축', 'ㄴ다면', '기쁘', '받아들이', '다며', '대한민국', '전환', '국가', '개혁', '위하', '분권', '중임', '개헌', 'ㄴ다', '라고']",김두관 대선 출마 “개헌 대통령되겠다…임기 단축 2년도 받아들여” 김두관 더불어민주당 전 의원이 대통령 선거에 출마하겠다고 선언했다 김 전 의원은 저는 개헌 대통령이라는 이름으로 출마를 결심했다 제7공화국을 위해 임기를 2년 단축해야 한다면 기쁘게 받아들이겠다며 대한민국의 대전환 국가 대개혁을 위해 분권형 4년 중임제 개헌을 해야 한다라고 했다,-1
"양향자, 개혁신당 떠나 국힘 입당…“과학기술 힘으로 뉴보수”",삼성전자 최초 고졸 출신 임원을 지낸 양향자 전 개혁신당 의원은 10일 국민의힘에 입당했다양 전 의원은 이날 오후 국회에서 권영세 국민의힘 비상대책위원장과 만나 입당 원서를 제출했다권 위원장은 대한민국 미래를 위해 큰 결단을 내려주셔서 감사하다며 양 전 의원은 반도체 업계에서 입지전적인 경력을 쌓았고 독보적 전문성으로 국회에서 활약하셨다고 했다그러면서 전 세계는 기술 주도권을 위한 총성 없는 전쟁을 벌이고 있다며 산업에 조예가 깊은 분이 정치에서 큰 역할을 하실 수 있을 것이라고 밝혔다권 위원장은 국가가 위기에 처했을 때 이를 극복할 수 있는 유능함을 보수 세력이 가지고 있어야 한다며 역사적으로도 보수정당이 나라가 어려울 때 능력을 발휘해서 국가 역량을 올려놨다고 말했다권 위원장은 핵심산업으로 나라가 부강해질 때 국민이 윤택해질 수 있다며 양 전 의원이 새로운 국가 비전을 제시해 주시기를 바란다고 격려했다양 전 의원은 보수정당을 경제 첨단산,2025-04-10 15:41:00,https://www.donga.com/news/Politics/article/all/20250410/131389318/1,동아닷컴,"['삼성전자', '최초', '고졸', '출신', '임원', '지내', '양향자', '개혁신', '의원', '10', '국민의힘', '입당', '의원', '이날', '오후', '국회', '권영세', '국민', '비상', '대책', '위원장', '만나', '입당', '원서', '제출', '위원장', '대한민국', '미래', '위하', '결단', '내리', '어서', '감사', '다며', '의원', '반도체', '업계', '입지전', '경력', '독보', '전문', '국회', '활약', '다고', '그러', '면서', '세계', '기술', '주도', '위하', '총성', '전쟁', '벌이', '다며', '산업', '조예', '정치', '역할', '라고', '밝히', '위원장', '국가', '위기', '처하', '극복', '유능', '보수', '세력', '가지', '어야', 'ㄴ다며', '역사', '보수', '정당', '나라', '어렵', '능력', '발휘', '아서', '국가', '역량', '올려놓', '다고', '위원장', '핵심', '산업', '나라', '부강', '국민', '윤택', '다며', '의원', '새롭', '국가', '비전', '제시', '바라', 'ㄴ다고', '격려', '의원', '보수', '정당', '경제', '첨단산']","양향자, 개혁신당 떠나 국힘 입당…“과학기술 힘으로 뉴보수” 삼성전자 최초 고졸 출신 임원을 지낸 양향자 전 개혁신당 의원은 10일 국민의힘에 입당했다양 전 의원은 이날 오후 국회에서 권영세 국민의힘 비상대책위원장과 만나 입당 원서를 제출했다권 위원장은 대한민국 미래를 위해 큰 결단을 내려주셔서 감사하다며 양 전 의원은 반도체 업계에서 입지전적인 경력을 쌓았고 독보적 전문성으로 국회에서 활약하셨다고 했다그러면서 전 세계는 기술 주도권을 위한 총성 없는 전쟁을 벌이고 있다며 산업에 조예가 깊은 분이 정치에서 큰 역할을 하실 수 있을 것이라고 밝혔다권 위원장은 국가가 위기에 처했을 때 이를 극복할 수 있는 유능함을 보수 세력이 가지고 있어야 한다며 역사적으로도 보수정당이 나라가 어려울 때 능력을 발휘해서 국가 역량을 올려놨다고 말했다권 위원장은 핵심산업으로 나라가 부강해질 때 국민이 윤택해질 수 있다며 양 전 의원이 새로운 국가 비전을 제시해 주시기를 바란다고 격려했다양 전 의원은 보수정당을 경제 첨단산",-1
김두관 측 “경선 룰미팅서 ‘완전개방 오픈프라이머리’ 논의하자”,더불어민주당이 당내 대선 경선 규칙을 정하기 위한 대선특별당규준비위원회를 가동한 가운데 김두관 전 의원 측이 완전개방형 오픈프라이머리완전국민경선 도입을 재차 주장했다 김 전 의원은 지난 7일 민주당 주자들 중 가장 먼저 대선 출마를 공식화 했다김 전 의원 캠프 소속 백왕순 대변인은 10일 입장문을 통해 오늘 4시부터 민주당 제21대 대통령 후보 경선 룰 미팅이 시작된다며 저희 캠프는 민주당 후보 선출 방식으로 완전개방 오픈프라이머리대의원권리당원일반당원 등 포함를 제안한다고 했다 그는 완전개방 오픈프라이머리 경선에 대해 18세 이상 국민이면 누구나 주민등록증을 갖고 현장에 참여해 투표하는 방식이라며 비용이 많이 든다고 하지만 국민이 참여하는 후보 선출과 압도적인 대선 승리를 위해 당비를 사용하면 충분하다고 생각한다고 설명했다 백 대변인은 그동안 국민 전체가 참여하는 완전개방형 오픈프라이머리를 주장했으나 사실상 좌초됐다 최소한 당 내부,2025-04-10 14:39:00,https://www.donga.com/news/Politics/article/all/20250410/131388329/1,동아닷컴,"['더불어민주당', '당내', '대선', '경선', '규칙', '정하', '위하', '대선특별', '당규', '준비', '위원회', '가동', '가운데', '김두관', '의원', '완전', '개방', '오픈프라이머리', '완전', '국민', '경선', '도입', '재차', '주장', '의원', '지나', '민주당', '주자', '가장', '먼저', '대선', '출마', '공식', '의원', '캠프', '소속', '백왕순', '대변인', '10', '입장', '통하', '민주당', '21', '대통령', '후보', '경선', '미팅', '시작', 'ㄴ다며', '캠프', '민주당', '후보', '선출', '방식', '완전', '개방', '오픈프라이머리대의원권리당원일반당원', '포함', '제안', 'ㄴ다고', '완전', '개방', '오픈프라이머리', '경선', '대하', '18', '국민', '주민', '등록증', '현장', '참여', '투표', '방식', '라며', '비용', '많이', 'ㄴ다고', '국민', '참여', '후보', '선출', '압도', '대선', '승리', '위하', '당비', '사용', '충분하', '다고', '생각', 'ㄴ다고', '설명', '대변인', '그동안', '국민', '전체', '참여', '완전', '개방', '오픈프라이머리', '주장', '으나', '사실', '좌초', '최소한', '내부']",김두관 측 “경선 룰미팅서 ‘완전개방 오픈프라이머리’ 논의하자” 더불어민주당이 당내 대선 경선 규칙을 정하기 위한 대선특별당규준비위원회를 가동한 가운데 김두관 전 의원 측이 완전개방형 오픈프라이머리완전국민경선 도입을 재차 주장했다 김 전 의원은 지난 7일 민주당 주자들 중 가장 먼저 대선 출마를 공식화 했다김 전 의원 캠프 소속 백왕순 대변인은 10일 입장문을 통해 오늘 4시부터 민주당 제21대 대통령 후보 경선 룰 미팅이 시작된다며 저희 캠프는 민주당 후보 선출 방식으로 완전개방 오픈프라이머리대의원권리당원일반당원 등 포함를 제안한다고 했다 그는 완전개방 오픈프라이머리 경선에 대해 18세 이상 국민이면 누구나 주민등록증을 갖고 현장에 참여해 투표하는 방식이라며 비용이 많이 든다고 하지만 국민이 참여하는 후보 선출과 압도적인 대선 승리를 위해 당비를 사용하면 충분하다고 생각한다고 설명했다 백 대변인은 그동안 국민 전체가 참여하는 완전개방형 오픈프라이머리를 주장했으나 사실상 좌초됐다 최소한 당 내부,-1
"‘故 이예람 수사개입’ 혐의 전익수, 대법서 무죄 확정",고 이예람 중사 사건 수사에 부당 개입한 혐의로 재판에 넘겨진 전익수 전 공군본부 법무실장에게 무죄가 확정됐다 대법원 2부주심 오경미 대법관는 10일 오전 특정범죄 가중처벌 등에 관한 법률 위반면담강요 등 혐의로 기소된 전 전 실장에 대한 상고심에서 무죄를 선고한 원심을 확정했다 전 전 실장은 이 중사 사건 수사 당시 자신에게 사건 보안 정보를 전달한 군무원 양모씨에 대한 구속영장이 청구되자 군 검사에게 영장이 잘못됐다고 추궁하고 수사 내용을 확인하려 하는 등 위력을 행사한 혐의를 받는다공군 제20전투비행단 소속이었던 이 중사는 2021년 3월 선임인 장모 중사로부터 성추행을 당한 뒤 신고했지만 2차 가해에 시달리며 군 검찰 수사 도중 스스로 목숨을 끊었다이후 군 검찰의 부실 수사 논란이 불거지며 특검 수사가 진행됐다 특검은 군 검찰을 지휘감독했던 전 전 실장에 대한 의혹을 수사했지만 의혹의 발단이 됐던 녹취록이 허위로 밝혀지면서 2022년 9월 면담강요 혐,2025-04-10 11:03:00,https://www.donga.com/news/Society/article/all/20250410/131386777/1,동아닷컴,"['이예람', '중사', '사건', '수사', '부당', '개입', '혐의', '재판', '넘기', '전익수', '공군', '본부', '법무실장', '무죄', '확정', '법원', '주심', '오경미', '법관', '10', '오전', '특정', '범죄', '가중', '처벌', '관하', '법률', '위반', '면담', '강요', '혐의', '기소', '실장', '대하', '상고심', '선고', '원심', '확정', '실장', '중사', '사건', '수사', '당시', '사건', '보안', '정보', '전달', '군무원', '대하', '구속', '영장', '청구', '검사', '영장', '잘못', '다고', '추궁', '수사', '내용', '확인', '위력', '행사', '혐의', '는다', '공군', '20', '전투', '비행단', '소속', '중사', '2021', '선임', '중사', '성추행', '당하', '신고', '가해', '시달리', '검찰', '수사', '도중', '스스로', '목숨', '이후', '검찰', '부실', '수사', '논란', '불거지', '특검', '수사', '진행', '특검', '검찰', '지휘', '감독', '실장', '대하', '의혹', '수사', '의혹', '발단', '녹취록', '허위', '밝혀지', '면서', '2022', '면담', '강요']","‘故 이예람 수사개입’ 혐의 전익수, 대법서 무죄 확정 고 이예람 중사 사건 수사에 부당 개입한 혐의로 재판에 넘겨진 전익수 전 공군본부 법무실장에게 무죄가 확정됐다 대법원 2부주심 오경미 대법관는 10일 오전 특정범죄 가중처벌 등에 관한 법률 위반면담강요 등 혐의로 기소된 전 전 실장에 대한 상고심에서 무죄를 선고한 원심을 확정했다 전 전 실장은 이 중사 사건 수사 당시 자신에게 사건 보안 정보를 전달한 군무원 양모씨에 대한 구속영장이 청구되자 군 검사에게 영장이 잘못됐다고 추궁하고 수사 내용을 확인하려 하는 등 위력을 행사한 혐의를 받는다공군 제20전투비행단 소속이었던 이 중사는 2021년 3월 선임인 장모 중사로부터 성추행을 당한 뒤 신고했지만 2차 가해에 시달리며 군 검찰 수사 도중 스스로 목숨을 끊었다이후 군 검찰의 부실 수사 논란이 불거지며 특검 수사가 진행됐다 특검은 군 검찰을 지휘감독했던 전 전 실장에 대한 의혹을 수사했지만 의혹의 발단이 됐던 녹취록이 허위로 밝혀지면서 2022년 9월 면담강요 혐",-1
권영세 “이재명 말 한마디에 서열 2위 국회의장 짓밟혀”,권영세 국민의힘 비상대책위원장은 10일 이재명 전 더불어민주당 대표가 한덕수 대통령 권한대행 국무총리에 대한 비판을 이어가는 것과 관련해 자기의 정치적 이익을 위해 대통령 권한대행을 겁박하는 행태야말로 스스로 대통령이 된 것으로 착각하는 것이라고 비판했다권 위원장은 이날 오전 서울 여의도 국회에서 열린 비상대책위원회 회의에서 국민들께서 이 모든 상황을 지켜보고 계신다 국정을 안정시킬 이가 누구이며 혼란을 틈타 권력을 탐하는 자가 누구인지 너무나 명확히 알고 계신다고 말했다그는 미국 트럼프 대통령이 기본 관세를 뺀 상호 관세 15 부과를 90일 간 유예하겠다고 밝힌 것과 관련 10 상호 관세는 유지되기 때문에 앞으로의 협상이 정말 중요해졌다며 다행히 지난 화요일 한덕수 권한대행과 미국 대통령의 첫 정상 전화 통화가 성공적으로 이뤄졌다고 했다이어 양국 정상 간 직접 소통을 통해 통상외교의 돌파구를 마련했다는 점에서 한 대행의 대응은 매우 효과적이고 적절했다며,2025-04-10 09:54:00,https://www.donga.com/news/Politics/article/all/20250410/131386137/1,동아닷컴,"['권영세', '국민', '비상', '대책', '위원장', '10', '이재명', '더불어민주당', '대표', '한덕수', '대통령', '권한', '대행', '국무총리', '대하', '비판', '관련', '정치', '이익', '위하', '대통령', '권한', '대행', '겁박', '행태', '야말로', '스스로', '대통령', '착각', '라고', '비판', '위원장', '이날', '오전', '서울', '여의도', '국회', '열리', '비상', '대책', '위원회', '회의', '국민', '께서', '모든', '상황', '지켜보', '계시', 'ㄴ다', '국정', '안정', '시키', '혼란', '권력', 'ㄴ지', '너무나', '명확히', '계시', 'ㄴ다고', '미국', '트럼프', '대통령', '기본', '관세', '상호', '관세', '15', '부과', '90', '유예', '다고', '밝히', '관련', '10', '상호', '관세', '유지', '때문', '협상', '정말', '중요', '다며', '다행히', '지나', '화요일', '한덕수', '권한', '대행', '미국', '대통령', '정상', '전화', '통화', '성공', '이뤄지', '다고', '양국', '정상', '직접', '소통', '통하', '통상', '외교', '돌파구', '마련', '다는', '대행', '대응', '매우', '효과', '적절하', '다며']",권영세 “이재명 말 한마디에 서열 2위 국회의장 짓밟혀” 권영세 국민의힘 비상대책위원장은 10일 이재명 전 더불어민주당 대표가 한덕수 대통령 권한대행 국무총리에 대한 비판을 이어가는 것과 관련해 자기의 정치적 이익을 위해 대통령 권한대행을 겁박하는 행태야말로 스스로 대통령이 된 것으로 착각하는 것이라고 비판했다권 위원장은 이날 오전 서울 여의도 국회에서 열린 비상대책위원회 회의에서 국민들께서 이 모든 상황을 지켜보고 계신다 국정을 안정시킬 이가 누구이며 혼란을 틈타 권력을 탐하는 자가 누구인지 너무나 명확히 알고 계신다고 말했다그는 미국 트럼프 대통령이 기본 관세를 뺀 상호 관세 15 부과를 90일 간 유예하겠다고 밝힌 것과 관련 10 상호 관세는 유지되기 때문에 앞으로의 협상이 정말 중요해졌다며 다행히 지난 화요일 한덕수 권한대행과 미국 대통령의 첫 정상 전화 통화가 성공적으로 이뤄졌다고 했다이어 양국 정상 간 직접 소통을 통해 통상외교의 돌파구를 마련했다는 점에서 한 대행의 대응은 매우 효과적이고 적절했다며,-1
"양향자, 개혁신당 나와 국민의힘 입당…대선 주자 합류",양향자 전 개혁신당 의원이 10일 국민의힘에 입당해 대선 주자에 합류했다 양 전 의원은 이날 국회에서 권영세 국민의힘 비상대책위원장을 만나 입당 의사를 밝혔다 양 전 의원은 한국 보수정당을 경제 첨단산업 미래에 관한 신 보수정당으로 만드는 데 기여하고 싶다며 수많은 국민 특히 기업인과 과학기술인들이 보수정당의 성공 바라고 있다,2025-04-10 18:50:00,https://www.segye.com/newsView/20250410518761,세계일보,"['양향자', '개혁', '의원', '10', '국민', '입당', '대선', '주자', '합류', '의원', '이날', '국회', '권영세', '국민', '비상', '대책', '위원장', '만나', '입당', '의사', '밝히', '의원', '한국', '보수', '정당', '경제', '첨단', '산업', '미래', '관하', '보수', '정당', '만들', '기여', '다며', '수많', '국민', '특히', '기업인', '과학', '기술인', '보수', '정당', '성공', '바라']","양향자, 개혁신당 나와 국민의힘 입당…대선 주자 합류 양향자 전 개혁신당 의원이 10일 국민의힘에 입당해 대선 주자에 합류했다 양 전 의원은 이날 국회에서 권영세 국민의힘 비상대책위원장을 만나 입당 의사를 밝혔다 양 전 의원은 한국 보수정당을 경제 첨단산업 미래에 관한 신 보수정당으로 만드는 데 기여하고 싶다며 수많은 국민 특히 기업인과 과학기술인들이 보수정당의 성공 바라고 있다",-1
"“대통령 등에 업고 사조직화”…경호처 직원들, 김성훈 사퇴 요구 연판장",대통령경호처 직원들이 윤석열 전 대통령의 파면 이후에도 자리를 지키고 있는 김성훈 경호처 차장과 이광우 경호본부장의 사퇴를 요구하는 연판장을 돌리는 것으로 10일 알려졌다 연판장,2025-04-10 09:38:00,https://www.mk.co.kr/news/politics/11287687,매일경제,"['대통령', '경호처', '직원', '윤석열', '대통령', '파면', '이후', '자리', '지키', '김성훈', '경호처', '차장', '이광우', '경호', '본부장', '사퇴', '요구', '연판장', '돌리', '10', '알려지', '연판장']","“대통령 등에 업고 사조직화”…경호처 직원들, 김성훈 사퇴 요구 연판장 대통령경호처 직원들이 윤석열 전 대통령의 파면 이후에도 자리를 지키고 있는 김성훈 경호처 차장과 이광우 경호본부장의 사퇴를 요구하는 연판장을 돌리는 것으로 10일 알려졌다 연판장",-1
"장예찬, ‘허위 학력·여론조사 왜곡’ 혐의 1심서 벌금 150만원",지난해 410 총선 당시 부산 수영구에 무소속으로 출마했다가 낙선한 장예찬 후보가 허위 학력 기재 여론조사 왜곡 혐의로 법원에서 벌금형을 선고받은 사실이 뒤늦게 알려졌다 9일,2025-04-09 16:12:00,https://www.mk.co.kr/news/politics/11287058,매일경제,"['지난해', '410', '총선', '당시', '부산', '수영구', '소속', '출마', '다가', '낙선', '장예찬', '후보', '허위', '학력', '기재', '여론', '조사', '왜곡', '혐의', '법원', '벌금형', '선고', '사실', '뒤늦', '알려지']","장예찬, ‘허위 학력·여론조사 왜곡’ 혐의 1심서 벌금 150만원 지난해 410 총선 당시 부산 수영구에 무소속으로 출마했다가 낙선한 장예찬 후보가 허위 학력 기재 여론조사 왜곡 혐의로 법원에서 벌금형을 선고받은 사실이 뒤늦게 알려졌다 9일",-1
대통령기록물 이관 본격화…계엄 관련 문건 공개될까,윤석열 전 대통령의 파면 이후 대통령기록물 이관 작업이 본격화한 가운데 비상계엄 관련 기록물의 공개 여부에 관심이 쏠리고 있다 9일 대통령기록물 이관 작업을 담당하는 행정안전부 ,2025-04-09 15:50:00,https://www.mk.co.kr/news/politics/11287005,매일경제,"['윤석열', '대통령', '파면', '이후', '대통령', '기록물', '이관', '작업', '본격', '가운데', '비상계엄', '관련', '기록물', '공개', '관심', '쏠리', '대통령', '기록물', '이관', '작업', '담당', '행정', '안전부']",대통령기록물 이관 본격화…계엄 관련 문건 공개될까 윤석열 전 대통령의 파면 이후 대통령기록물 이관 작업이 본격화한 가운데 비상계엄 관련 기록물의 공개 여부에 관심이 쏠리고 있다 9일 대통령기록물 이관 작업을 담당하는 행정안전부 ,-1
“김성훈 차장 사퇴하라”…경호처 최초 ‘연판장’ 등장,대통령 사병 취급 불만 누적 이광우 본부장 사퇴도 요구 직원 과반 400명 참여 예상 대통령경호처 직원들이 윤석열 전 대통령 파면 후에도 자리를 지키고 있는 김성훈 경호처 차장과 이광우 경호본부장의 사퇴를 요구하는 연판장을 돌리고 있는 것으로 10일 파악됐다 11일까지 700여명의 경호처 직원 중 과반인 400명 정도가 참여할 것이란 관측이 ,2025-04-10 20:24:00,https://www.khan.co.kr/article/202504102024015/?utm_source=khan_rss&utm_medium=rss&utm_campaign=politic_news,경향닷컴,"['대통령', '사병', '취급', '불만', '누적', '이광우', '본부장', '사퇴', '요구', '직원', '과반', '400', '참여', '예상', '대통령', '경호처', '직원', '윤석열', '대통령', '파면', '자리', '지키', '김성훈', '경호처', '차장', '이광우', '경호', '본부장', '사퇴', '요구', '연판장', '돌리', '10', '파악', '11', '700', '경호처', '직원', '과반', '400', '정도', '참여', '관측']",“김성훈 차장 사퇴하라”…경호처 최초 ‘연판장’ 등장 대통령 사병 취급 불만 누적 이광우 본부장 사퇴도 요구 직원 과반 400명 참여 예상 대통령경호처 직원들이 윤석열 전 대통령 파면 후에도 자리를 지키고 있는 김성훈 경호처 차장과 이광우 경호본부장의 사퇴를 요구하는 연판장을 돌리고 있는 것으로 10일 파악됐다 11일까지 700여명의 경호처 직원 중 과반인 400명 정도가 참여할 것이란 관측이 ,-1
분노한 경호처 직원들 “김성훈 사퇴하라” 연판장,윤석열 전 대통령 체포 방해 혐의를 받는 대통령경호처 김성훈 차장왼쪽이광우 경호본부장이 지난달 21일 서울 마포구 서울서부지방법원에서 영장실질심사를 위해 법정으로 향하고 있다 정효진 기자 대통령경호처 직원들이 윤석열 전 대통령 파면 후에도 자리를 지키고 있는 김성훈 경호처 차장과 이광우 경호본부장의 사퇴를 요구하는 연판장을 돌리고 있는 것으로 10,2025-04-10 17:16:00,https://www.khan.co.kr/article/202504101716001/?utm_source=khan_rss&utm_medium=rss&utm_campaign=politic_news,경향닷컴,"['윤석열', '대통령', '체포', '방해', '혐의', '대통령', '경호처', '김성훈', '차장', '왼쪽', '이광우', '경호', '본부장', '지난달', '21', '서울', '마포구', '서울서부지방법원', '영장', '실질', '심사', '위하', '법정', '향하', '정효진', '기자', '대통령', '경호처', '직원', '윤석열', '대통령', '파면', '자리', '지키', '김성훈', '경호처', '차장', '이광우', '경호', '본부장', '사퇴', '요구', '연판장', '돌리', '10']",분노한 경호처 직원들 “김성훈 사퇴하라” 연판장 윤석열 전 대통령 체포 방해 혐의를 받는 대통령경호처 김성훈 차장왼쪽이광우 경호본부장이 지난달 21일 서울 마포구 서울서부지방법원에서 영장실질심사를 위해 법정으로 향하고 있다 정효진 기자 대통령경호처 직원들이 윤석열 전 대통령 파면 후에도 자리를 지키고 있는 김성훈 경호처 차장과 이광우 경호본부장의 사퇴를 요구하는 연판장을 돌리고 있는 것으로 10,-1
"김용현, ‘윤석열 파면’에도 “계엄은 대통령의 정치적 결단” 억지 주장",김용현 전 국방부 장관이 지난 1월23일 서울 종로구 헌법재판소에서 열린 윤석열 대통령 탄핵심판 4차변론에 증인으로 출석해 발언하고 있다 헌법재판소 제공 123 비상계엄 사태에 가담한 혐의를 받는 김용현 전 국방부 장관이 윤석열 전 대통령이 파면된 뒤 열린 첫 재판에서 헌법재판소 결정의 취지를 비트는 억지 주장을 폈다 김 전 장관 측은 헌재 결정문에,2025-04-10 17:15:00,https://www.khan.co.kr/article/202504101715001/?utm_source=khan_rss&utm_medium=rss&utm_campaign=politic_news,경향닷컴,"['김용현', '국방부', '장관', '지나', '23', '서울', '종로구', '헌법', '재판소', '열리', '윤석열', '대통령', '탄핵', '심판', '변론', '증인', '출석', '발언', '헌법', '재판소', '제공', '123', '비상계엄', '사태', '가담', '혐의', '김용현', '국방부', '장관', '윤석열', '대통령', '파면', '열리', '재판', '헌법', '재판소', '결정', '취지', '비틀', '억지', '주장', '장관', '헌재', '결정문']","김용현, ‘윤석열 파면’에도 “계엄은 대통령의 정치적 결단” 억지 주장 김용현 전 국방부 장관이 지난 1월23일 서울 종로구 헌법재판소에서 열린 윤석열 대통령 탄핵심판 4차변론에 증인으로 출석해 발언하고 있다 헌법재판소 제공 123 비상계엄 사태에 가담한 혐의를 받는 김용현 전 국방부 장관이 윤석열 전 대통령이 파면된 뒤 열린 첫 재판에서 헌법재판소 결정의 취지를 비트는 억지 주장을 폈다 김 전 장관 측은 헌재 결정문에",-1
"양향자, 이준석과 결별 후 국민의힘 대선 경선 출마",지난해 4월 15일 양향자 당시 개혁신당 원내대표가 국회에서 열린 최고위원회의에서 발언하고 있다 경향신문 자료사진 개혁신당의 양향자 전 의원이 탈당 후 국민의힘에 입당해 21대 대통령 선거에 출마한다 양 전 의원은 10일 경향신문과 통화에서 국민의힘 입당 후 출마 여부를 묻는 질문에 그렇게 논의 중이라며 곧 결정난다고 밝혔다 양 전 의원은 ,2025-04-10 11:55:00,https://www.khan.co.kr/article/202504101155001/?utm_source=khan_rss&utm_medium=rss&utm_campaign=politic_news,경향닷컴,"['지난해', '15', '양향자', '당시', '개혁', '원내', '대표', '국회', '열리', '최고', '위원', '회의', '발언', '경향신문', '자료', '사진', '개혁신', '양향자', '의원', '국민', '입당', '21', '대통령', '선거', '출마', 'ㄴ다', '의원', '10', '경향신문', '통화', '국민의힘', '입당', '출마', '질문', '그렇', '논의', '라며', '결정', 'ㄴ다고', '밝히', '의원']","양향자, 이준석과 결별 후 국민의힘 대선 경선 출마 지난해 4월 15일 양향자 당시 개혁신당 원내대표가 국회에서 열린 최고위원회의에서 발언하고 있다 경향신문 자료사진 개혁신당의 양향자 전 의원이 탈당 후 국민의힘에 입당해 21대 대통령 선거에 출마한다 양 전 의원은 10일 경향신문과 통화에서 국민의힘 입당 후 출마 여부를 묻는 질문에 그렇게 논의 중이라며 곧 결정난다고 밝혔다 양 전 의원은 ",-1
"국민의힘, 경선 시작부터 '이준석과 단일화' 솔솔…가능성은 [정치 인사이드]",,2025-04-10 20:21:00,https://www.hankyung.com/article/2025041034217,한국경제,,"국민의힘, 경선 시작부터 '이준석과 단일화' 솔솔…가능성은 [정치 인사이드] ",-1
"""연금에 국고 투입"" 목소리 높이는 민주",,2025-04-10 18:15:00,https://www.hankyung.com/article/2025041040921,한국경제,,"""연금에 국고 투입"" 목소리 높이는 민주 ",-1
'경선 룰' 기싸움 들어간 김두관…김동연은 美출장서 '경제통' 이미지 부각,,2025-04-10 17:49:00,https://www.hankyung.com/article/2025041040541,한국경제,,'경선 룰' 기싸움 들어간 김두관…김동연은 美출장서 '경제통' 이미지 부각 ,-1
"안철수, 대선 출마 이재명 작심 비판 ""'망나니즘'부터 해결하라""",,2025-04-10 14:31:00,https://www.hankyung.com/article/202504103337i,한국경제,,"안철수, 대선 출마 이재명 작심 비판 ""'망나니즘'부터 해결하라"" ",-1
"[단독] 민주, '기금형 퇴직연금제' 확산 의제 띄운다",,2025-04-10 14:19:00,https://www.hankyung.com/article/202504102593i,한국경제,,"[단독] 민주, '기금형 퇴직연금제' 확산 의제 띄운다 ",-1
"손가락에 '大' 쓴 안철수 ""오히려 반응 좋아…李 불출마하길""",,2025-04-10 11:07:00,https://www.hankyung.com/article/2025041026847,한국경제,,"손가락에 '大' 쓴 안철수 ""오히려 반응 좋아…李 불출마하길"" ",-1
국민 81% “헌재 윤석열 파면 결정 수용” ..이재명 양자대결 모두 50% 넘어 [갤럽],뉴스데일리국민 10명 가운데 8명은 지난 4일 헌법재판소의 윤석열 전 대통평 파면 결정을 받아들이겠다고 답한 여론조사 결과가 6일 나왔다이날 한국갤럽이 서울경제신문 의뢰로 45일 전국 만 18살 이상 1012명을 대상으로 실시한 긴급 여론조사95 신뢰수준에 31포인트 응답률 95 결과를 보면 헌재 결정을 받아들이겠다는 응답이 81로 받아들일 수 없다17를 크게 앞섰다모름응답 거절은 2였다 이번 조사는 무작위로 추출된 유무선 전화번호를 활용한 전화조사원 인터뷰 방식으로 진행됐다특히,2025-04-06 17:08:00,http://www.newsdaily.kr/news/articleView.html?idxno=245604,뉴스데일리,"['국민', '10', '가운데', '지나', '헌법', '재판소', '윤석열', '통평', '파면', '결정', '받아들이', '다고', '여론', '조사', '결과', '나오', '이날', '한국갤럽', '서울경제신문', '의뢰', '45', '전국', '18', '1012', '대상', '실시', '긴급', '여론', '조사', '95', '신뢰', '수준', '31', '포인트', '응답', '95', '결과', '헌재', '결정', '받아들이', '다는', '응답', '81', '받아들이', '17', '앞서', '모르', '응답', '거절', '조사', '작위', '추출', '무선', '전화번호', '활용', '전화', '조사원', '인터뷰', '방식', '진행', '특히']",국민 81% “헌재 윤석열 파면 결정 수용” ..이재명 양자대결 모두 50% 넘어 [갤럽] 뉴스데일리국민 10명 가운데 8명은 지난 4일 헌법재판소의 윤석열 전 대통평 파면 결정을 받아들이겠다고 답한 여론조사 결과가 6일 나왔다이날 한국갤럽이 서울경제신문 의뢰로 45일 전국 만 18살 이상 1012명을 대상으로 실시한 긴급 여론조사95 신뢰수준에 31포인트 응답률 95 결과를 보면 헌재 결정을 받아들이겠다는 응답이 81로 받아들일 수 없다17를 크게 앞섰다모름응답 거절은 2였다 이번 조사는 무작위로 추출된 유무선 전화번호를 활용한 전화조사원 인터뷰 방식으로 진행됐다특히,-1
[전문]헌법재판소 윤석열 대통령  파면 선고 요지 전문,뉴스데일리계엄의 부당성 중앙선거관리위원회 군대 파견 등 하지 말아야할 헌법 유린을 했다며 파면 사유를 조목 조목 열거했다또한 국회와 갈등은 민주적인 정치아래서 해결해야지 군대를 동원하는 것 자체가 문제다며 통치행위 문제점도 헌법재판소는 지적했다다음은 헌법재판소 선고 전문 지금부터 2024헌나8 대통령 윤석열 탄핵사건에 대한 선고를 시작하겠습니다먼저 적법요건에 관하여 살펴보겠습니다이 사건 계엄 선포가 사법심사의 대상이 되는지에 관하여 보겠습니다고위공직자의 헌법 및 법률 위반으로부터 헌법질서를 수호하고자 하는 탄핵심,2025-04-04 20:02:00,http://www.newsdaily.kr/news/articleView.html?idxno=245577,뉴스데일리,"['뉴스', '데일리계엄', '부당', '중앙', '선거', '관리', '위원회', '군대', '파견', '헌법', '유린', '다며', '파면', '사유', '조목', '조목', '열거', '국회', '갈등', '민주', '정치', '해결', '아야지', '군대', '동원', '자체', '문제', '다며', '통치', '행위', '문제점', '헌법', '재판소', '지적', '헌법', '재판소', '선고', '전문', '지금', '2024', '대통령', '윤석열', '탄핵', '사건', '대하', '선고', '시작', '먼저', '적법', '요건', '관하', '살펴보', '사건', '계엄', '선포', '사법', '심사', '대상', '는지', '관하', '고위', '공직자', '헌법', '법률', '위반', '으로부터', '헌법', '질서', '수호', '고자', '탄핵심']",[전문]헌법재판소 윤석열 대통령  파면 선고 요지 전문 뉴스데일리계엄의 부당성 중앙선거관리위원회 군대 파견 등 하지 말아야할 헌법 유린을 했다며 파면 사유를 조목 조목 열거했다또한 국회와 갈등은 민주적인 정치아래서 해결해야지 군대를 동원하는 것 자체가 문제다며 통치행위 문제점도 헌법재판소는 지적했다다음은 헌법재판소 선고 전문 지금부터 2024헌나8 대통령 윤석열 탄핵사건에 대한 선고를 시작하겠습니다먼저 적법요건에 관하여 살펴보겠습니다이 사건 계엄 선포가 사법심사의 대상이 되는지에 관하여 보겠습니다고위공직자의 헌법 및 법률 위반으로부터 헌법질서를 수호하고자 하는 탄핵심,-1
"헌재 전원일치 윤석열 대통령 파면…“중대위법, 국민신임 배반”",뉴스데일리헌법재판소가 윤석열 대통령을 4일 파면했다문형배 헌재소장 권한대행은 이날 오전 11시 22분께 윤석열 대통령을 파면한다는 탄핵심판 선고 주문을 읽었다 파면의 효력은 즉시 발생해 이를 기점으로 윤 대통령은 직위를 잃었다헌재는 피청구인윤 대통령은 군경을 동원해 국회 등 헌법기관을 훼손하고 국민의 기본적 인권을 침해해 헌법 수호의 의무를 저버렸다며 국민의 신임을 배반한 것으로 헌법수호의 관점에서 용납될 수 없는 중대한 법 위반행위라고 했다이어 피청구인은 헌법과 법률을 위반해 계엄을 선포함으로써 국가긴급,2025-04-04 12:27:00,http://www.newsdaily.kr/news/articleView.html?idxno=245576,뉴스데일리,"['뉴스데일리헌법재판소', '윤석열', '대통령', '파면', '문형배', '헌재', '소장', '권한', '대행', '이날', '오전', '11', '22', '윤석열', '대통령', '파면', 'ㄴ다는', '탄핵', '심판', '선고', '주문', '파면', '효력', '발생', '기점', '대통령', '직위', '헌재', '청구', '대통령', '군경', '동원', '국회', '헌법', '기관', '훼손', '국민', '기본', '인권', '침해', '헌법', '수호', '의무', '저버리', '다며', '국민', '신임', '배반', '헌법', '수호', '관점', '용납', '중대', '위반', '행위', '라고', '청구인', '헌법', '법률', '위반', '계엄', '선포', '국가', '긴급']","헌재 전원일치 윤석열 대통령 파면…“중대위법, 국민신임 배반” 뉴스데일리헌법재판소가 윤석열 대통령을 4일 파면했다문형배 헌재소장 권한대행은 이날 오전 11시 22분께 윤석열 대통령을 파면한다는 탄핵심판 선고 주문을 읽었다 파면의 효력은 즉시 발생해 이를 기점으로 윤 대통령은 직위를 잃었다헌재는 피청구인윤 대통령은 군경을 동원해 국회 등 헌법기관을 훼손하고 국민의 기본적 인권을 침해해 헌법 수호의 의무를 저버렸다며 국민의 신임을 배반한 것으로 헌법수호의 관점에서 용납될 수 없는 중대한 법 위반행위라고 했다이어 피청구인은 헌법과 법률을 위반해 계엄을 선포함으로써 국가긴급",-1
"헌재, 尹평결 오늘 마무리…탄핵심판 결론 사실상 결정",뉴스데일리헌법재판소가 윤석열 대통령 탄핵심판 선고기일을 오는 4일 열겠다고 고지한 가운데 평결 절차를 마친 것으로 알려졌다1일 법조계에 따르면 문형배 헌재소장 권한대행 등 헌법재판관들은 이날 오전 평의를 열고 재판관들 의견을 종합하는 평결까지 사실상 마무리했다 윤 대통령의 탄핵심판 결론을 내부적으로 결정한 것이다다만 헌재는 선고 전까지 평의를 열고 결정문을 다듬는 등 절차적 부분에 대해서 논의를 계속할 방침이다윤 대통령 탄핵심판 평결은 관례에 따라 주심인 정형식 재판관이 먼저 의견을 제시하고 최근에 임명된 조한창정계선,2025-04-01 20:26:00,http://www.newsdaily.kr/news/articleView.html?idxno=245492,뉴스데일리,"['뉴스데일리헌법재판소', '윤석열', '대통령', '탄핵', '심판', '선고', '기일', '다고', '고지', '가운데', '평결', '절차', '알려지', '법조', '따르', '문형배', '헌재', '소장', '권한', '대행', '헌법', '재판관', '이날', '오전', '평의', '재판관', '의견', '종합', '평결', '사실', '마무리', '대통령', '탄핵', '심판', '결론', '내부', '결정', '헌재', '선고', '평의', '결정문', '다듬', '절차', '부분', '대하', '아서', '논의', '계속', '방침', '대통령', '탄핵', '심판', '평결', '관례', '따르', '주심', '정형식', '재판관', '먼저', '의견', '제시', '최근', '임명', '조한창', '정계선']","헌재, 尹평결 오늘 마무리…탄핵심판 결론 사실상 결정 뉴스데일리헌법재판소가 윤석열 대통령 탄핵심판 선고기일을 오는 4일 열겠다고 고지한 가운데 평결 절차를 마친 것으로 알려졌다1일 법조계에 따르면 문형배 헌재소장 권한대행 등 헌법재판관들은 이날 오전 평의를 열고 재판관들 의견을 종합하는 평결까지 사실상 마무리했다 윤 대통령의 탄핵심판 결론을 내부적으로 결정한 것이다다만 헌재는 선고 전까지 평의를 열고 결정문을 다듬는 등 절차적 부분에 대해서 논의를 계속할 방침이다윤 대통령 탄핵심판 평결은 관례에 따라 주심인 정형식 재판관이 먼저 의견을 제시하고 최근에 임명된 조한창정계선",-1
"'연금개혁법안' 國會 통과, 2024년  시행..'국가의 연금급여 지급 보장' 명문화",뉴스데일리정부는 20일 국민연금 제도의 지속 가능성을 제고하고 노후소득 수준을 강화하기 위한 국민연금법 일부개정법률안이 국회 본회의를 통과했다고 밝혔다이번 국민연금법 개정으로 보험료율과 소득대체율이 조정되는데 가입자가 매달 내는 보험료율은 9에서 13로 상승하고 은퇴 후 수급연령에 도달해 받는 연금액은 은퇴 전 평균 소득의 40 수준에서 43로 오르게 된다여기에 정부의 기금수익률 제고4555 노력을 더하면 국민연금 기금 소진 시점이 당초 예상보다 15년 더 연장돼 2071년까지 유지될 수 있을 것으,2025-03-20 22:06:00,http://www.newsdaily.kr/news/articleView.html?idxno=245174,뉴스데일리,"['정부', '20', '국민연금', '제도', '지속', '가능', '제고', '노후', '소득', '수준', '강화', '위하', '국민연금', '일부', '개정', '법률안', '국회', '본회의', '통과', '다고', '밝히', '국민연금법', '개정', '보험료', '소득', '대체', '조정', '는데', '가입자', '매달', '보험료', '13', '상승', '은퇴', '수급', '연령', '도달', '연금액', '은퇴', '평균', '소득', '40', '수준', '43', '오르', 'ㄴ다', '정부', '기금', '수익', '제고', '4555', '노력', '국민연금', '기금', '소진', '시점', '당초', '예상', '보다', '15', '연장', '2071', '유지']","'연금개혁법안' 國會 통과, 2024년  시행..'국가의 연금급여 지급 보장' 명문화 뉴스데일리정부는 20일 국민연금 제도의 지속 가능성을 제고하고 노후소득 수준을 강화하기 위한 국민연금법 일부개정법률안이 국회 본회의를 통과했다고 밝혔다이번 국민연금법 개정으로 보험료율과 소득대체율이 조정되는데 가입자가 매달 내는 보험료율은 9에서 13로 상승하고 은퇴 후 수급연령에 도달해 받는 연금액은 은퇴 전 평균 소득의 40 수준에서 43로 오르게 된다여기에 정부의 기금수익률 제고4555 노력을 더하면 국민연금 기금 소진 시점이 당초 예상보다 15년 더 연장돼 2071년까지 유지될 수 있을 것으",-1
"경호처 직원들, '김성훈·이광우 사퇴' 연판장…""사병집단 오명""",연합뉴스 제공 대통령경호처 일부 직원들이 김성훈 경호처 차장과 이광우 경호본부장의 사퇴를 요구하는 연판장을 돌리는 것으로 확인됐습니다 연합뉴스TV가 입수한 이 연판장에는 지금의 대통령경호처는 사병집단이라는 조롱 섞인 오명과 함께 조직 존폐의 기로에 서 있다며 원인 제공자인 김 차장과 이 본부장은 대통령의 신임을 등에 업고 경호처를 사조직화했다는 내용 등이 담겼습니다 또 연판장에는 김 차장과 이 본부장은 수사기관의 피의자로 ,2025-04-10 20:55:00,https://www.yonhapnewstv.co.kr/news/AKR20250410205506006,연합뉴스tv,"['연합뉴스', '제공', '대통령', '경호처', '일부', '직원', '김성훈', '경호처', '차장', '이광우', '경호', '본부장', '사퇴', '요구', '연판장', '돌리', '확인', '연합뉴스', 'TV', '입수', '연판장', '지금', '대통령', '경호처', '사병', '집단', '라는', '조롱', '섞이', '오명', '조직', '존폐', '기로', '다며', '원인', '제공자', '차장', '본부장', '대통령', '신임', '경호처', '조직', '다는', '내용', '담기', '연판장', '차장', '본부장', '수사', '기관', '피의자']","경호처 직원들, '김성훈·이광우 사퇴' 연판장…""사병집단 오명"" 연합뉴스 제공 대통령경호처 일부 직원들이 김성훈 경호처 차장과 이광우 경호본부장의 사퇴를 요구하는 연판장을 돌리는 것으로 확인됐습니다 연합뉴스TV가 입수한 이 연판장에는 지금의 대통령경호처는 사병집단이라는 조롱 섞인 오명과 함께 조직 존폐의 기로에 서 있다며 원인 제공자인 김 차장과 이 본부장은 대통령의 신임을 등에 업고 경호처를 사조직화했다는 내용 등이 담겼습니다 또 연판장에는 김 차장과 이 본부장은 수사기관의 피의자로 ",-1
"이재명·한동훈, 대권 도전 선언…한덕수도 생각 있나? [스프]",오늘 놓치지 말아야 할 이슈 퇴근길에 보는 이브닝 브리핑에 있습니다 이재명과 한동훈 여야 대표를 지낸 두 사람이 공교롭게도 오늘 출사표를 던지면서 조기 대선 레이스가 본격적으로 열렸습니다이재명 전 대표는 이제부터 진짜 대한민국을 내세웠고 한동훈 전 대표는 서태지 처럼 세대 교체를 언급하며 대항마를 자처했습니다한덕수 권한대행의 대선 출마설도 모락모락 피어오르고 있는데요 출마설을 일축했던 한 대행의 입장에 미묘한 변화가 있는 것으로 감지됩니다,2025-04-10 18:18:00,https://news.sbs.co.kr/news/endPage.do?news_id=N1008058237&plink=RSSLINK&cooper=RSSREADER,SBS,"['오늘', '놓치', '이슈', '퇴근길', '이브닝', '브리핑', '이재명', '한동훈', '여야', '대표', '지내', '사람', '공교롭', '오늘', '출사표', '던지', '면서', '조기', '대선', '레이스', '본격', '열리', '이재명', '대표', '이제', '진짜', '대한민국', '내세우', '한동훈', '대표', '서태지', '처럼', '세대', '교체', '언급', '대항마', '자처', '한덕수', '권한', '대행', '대선', '출마설', '모락모락', '피어오르', '는데', '출마설', '일축', '대행', '입장', '미묘하', '변화', '감지', 'ㅂ니다']","이재명·한동훈, 대권 도전 선언…한덕수도 생각 있나? [스프] 오늘 놓치지 말아야 할 이슈 퇴근길에 보는 이브닝 브리핑에 있습니다 이재명과 한동훈 여야 대표를 지낸 두 사람이 공교롭게도 오늘 출사표를 던지면서 조기 대선 레이스가 본격적으로 열렸습니다이재명 전 대표는 이제부터 진짜 대한민국을 내세웠고 한동훈 전 대표는 서태지 처럼 세대 교체를 언급하며 대항마를 자처했습니다한덕수 권한대행의 대선 출마설도 모락모락 피어오르고 있는데요 출마설을 일축했던 한 대행의 입장에 미묘한 변화가 있는 것으로 감지됩니다",-1
한동훈 출마 선언…원희룡·김기현 불출마,국민의힘은 대통령 선거 경선에 참여할 주자들의 윤곽이 잡히고 있습니다 한동훈 전 국민의힘 대표가 오늘 국회에서 대선 출마를 선언했고 원희룡 ,2025-04-10 17:12:00,https://news.sbs.co.kr/news/endPage.do?news_id=N1008058018&plink=RSSLINK&cooper=RSSREADER,SBS,"['국민', '대통령', '선거', '경선', '참여', '주자', '윤곽', '잡히', '한동훈', '국민', '대표', '오늘', '국회', '대선', '출마', '선언', '원희룡']",한동훈 출마 선언…원희룡·김기현 불출마 국민의힘은 대통령 선거 경선에 참여할 주자들의 윤곽이 잡히고 있습니다 한동훈 전 국민의힘 대표가 오늘 국회에서 대선 출마를 선언했고 원희룡 ,-1
"[여담야담] 트럼프도 직접 물었다…한덕수, 출마 가능성은",SBS lt편상욱의 뉴스브리핑gt 9632 lt편상욱의 뉴스브리핑gt 9632 9632 홍석준 전 국민의힘 국회의원,2025-04-10 15:47:00,https://news.sbs.co.kr/news/endPage.do?news_id=N1008057740&plink=RSSLINK&cooper=RSSREADER,SBS,"['SBS', 'lt', '편상욱', '뉴스', '브리핑', 'gt', '9632', 'lt', '편상욱', '뉴스', '브리핑', 'gt', '9632', '9632', '홍석준', '국민', '국회의원']","[여담야담] 트럼프도 직접 물었다…한덕수, 출마 가능성은 SBS lt편상욱의 뉴스브리핑gt 9632 lt편상욱의 뉴스브리핑gt 9632 9632 홍석준 전 국민의힘 국회의원",-1
"충성심 강조한 윤 전 대통령…김한규 ""사람에게 충성 안 한다더니"" [여담야담]",SBS lt편상욱의 뉴스브리핑gt 9632 lt편상욱의 뉴스브리핑gt 9632 9632 홍석준 전 국민의힘 국회의원,2025-04-10 16:04:00,https://news.sbs.co.kr/news/endPage.do?news_id=N1008057739&plink=RSSLINK&cooper=RSSREADER,SBS,"['SBS', 'lt', '편상욱', '뉴스', '브리핑', 'gt', '9632', 'lt', '편상욱', '뉴스', '브리핑', 'gt', '9632', '9632', '홍석준', '국민', '국회의원']","충성심 강조한 윤 전 대통령…김한규 ""사람에게 충성 안 한다더니"" [여담야담] SBS lt편상욱의 뉴스브리핑gt 9632 lt편상욱의 뉴스브리핑gt 9632 9632 홍석준 전 국민의힘 국회의원",-1
"이재명·한동훈, 대권 도전 선언…한덕수도 생각 있나? [스프]",오늘 놓치지 말아야 할 이슈 퇴근길에 보는 이브닝 브리핑에 있습니다 이재명과 한동훈 여야 대표를 지낸 두 사람이 공교롭게도 오늘 출사표를 던지면서 조기 대선 레이스가 본격적으로 열렸습니다이재명 전 대표는 이제부터 진짜 대한민국을 내세웠고 한동훈 전 대표는 서태지 처럼 세대 교체를 언급하며 대항마를 자처했습니다한덕수 권한대행의 대선 출마설도 모락모락 피어오르고 있는데요 출마설을 일축했던 한 대행의 입장에 미묘한 변화가 있는 것으로 감지됩니다,2025-04-10 18:18:00,https://news.sbs.co.kr/news/endPage.do?news_id=N1008058237&plink=RSSLINK&cooper=RSSREADER,SBS,"['오늘', '놓치', '이슈', '퇴근길', '이브닝', '브리핑', '이재명', '한동훈', '여야', '대표', '지내', '사람', '공교롭', '오늘', '출사표', '던지', '면서', '조기', '대선', '레이스', '본격', '열리', '이재명', '대표', '이제', '진짜', '대한민국', '내세우', '한동훈', '대표', '서태지', '처럼', '세대', '교체', '언급', '대항마', '자처', '한덕수', '권한', '대행', '대선', '출마설', '모락모락', '피어오르', '는데', '출마설', '일축', '대행', '입장', '미묘하', '변화', '감지', 'ㅂ니다']","이재명·한동훈, 대권 도전 선언…한덕수도 생각 있나? [스프] 오늘 놓치지 말아야 할 이슈 퇴근길에 보는 이브닝 브리핑에 있습니다 이재명과 한동훈 여야 대표를 지낸 두 사람이 공교롭게도 오늘 출사표를 던지면서 조기 대선 레이스가 본격적으로 열렸습니다이재명 전 대표는 이제부터 진짜 대한민국을 내세웠고 한동훈 전 대표는 서태지 처럼 세대 교체를 언급하며 대항마를 자처했습니다한덕수 권한대행의 대선 출마설도 모락모락 피어오르고 있는데요 출마설을 일축했던 한 대행의 입장에 미묘한 변화가 있는 것으로 감지됩니다",-1
한동훈 출마 선언…원희룡·김기현 불출마,국민의힘은 대통령 선거 경선에 참여할 주자들의 윤곽이 잡히고 있습니다 한동훈 전 국민의힘 대표가 오늘 국회에서 대선 출마를 선언했고 원희룡 ,2025-04-10 17:12:00,https://news.sbs.co.kr/news/endPage.do?news_id=N1008058018&plink=RSSLINK&cooper=RSSREADER,SBS,"['국민', '대통령', '선거', '경선', '참여', '주자', '윤곽', '잡히', '한동훈', '국민', '대표', '오늘', '국회', '대선', '출마', '선언', '원희룡']",한동훈 출마 선언…원희룡·김기현 불출마 국민의힘은 대통령 선거 경선에 참여할 주자들의 윤곽이 잡히고 있습니다 한동훈 전 국민의힘 대표가 오늘 국회에서 대선 출마를 선언했고 원희룡 ,-1
"[여담야담] 트럼프도 직접 물었다…한덕수, 출마 가능성은",SBS lt편상욱의 뉴스브리핑gt 9632 lt편상욱의 뉴스브리핑gt 9632 9632 홍석준 전 국민의힘 국회의원,2025-04-10 15:47:00,https://news.sbs.co.kr/news/endPage.do?news_id=N1008057740&plink=RSSLINK&cooper=RSSREADER,SBS,"['SBS', 'lt', '편상욱', '뉴스', '브리핑', 'gt', '9632', 'lt', '편상욱', '뉴스', '브리핑', 'gt', '9632', '9632', '홍석준', '국민', '국회의원']","[여담야담] 트럼프도 직접 물었다…한덕수, 출마 가능성은 SBS lt편상욱의 뉴스브리핑gt 9632 lt편상욱의 뉴스브리핑gt 9632 9632 홍석준 전 국민의힘 국회의원",-1
"충성심 강조한 윤 전 대통령…김한규 ""사람에게 충성 안 한다더니"" [여담야담]",SBS lt편상욱의 뉴스브리핑gt 9632 lt편상욱의 뉴스브리핑gt 9632 9632 홍석준 전 국민의힘 국회의원,2025-04-10 16:04:00,https://news.sbs.co.kr/news/endPage.do?news_id=N1008057739&plink=RSSLINK&cooper=RSSREADER,SBS,"['SBS', 'lt', '편상욱', '뉴스', '브리핑', 'gt', '9632', 'lt', '편상욱', '뉴스', '브리핑', 'gt', '9632', '9632', '홍석준', '국민', '국회의원']","충성심 강조한 윤 전 대통령…김한규 ""사람에게 충성 안 한다더니"" [여담야담] SBS lt편상욱의 뉴스브리핑gt 9632 lt편상욱의 뉴스브리핑gt 9632 9632 홍석준 전 국민의힘 국회의원",-1
"[단독] ""3개월 넘어서 이미.."" 대통령실·안가 CCTV 영상이 지워지고 있다",앵커 대통령경호처를 둘러싼 논란도 계속되고 있습니다 김성훈 차장 등 경호처 실세들이 자리를 지키는 동안 계엄 당시 대통령실과 대통령 안가의 CCTV 영상들이 차례로 지워지고 있는 걸로 파악됐습니다 경호처 직,2025-04-10 19:37:00,https://news.jtbc.co.kr/article/NB12242278,JTBC,"['앵커', '대통령', '경호처', '둘러싸', '논란', '계속', '김성훈', '차장', '경호처', '실세', '자리', '지키', '계엄', '당시', '대통령실', '대통령', '안가', 'CCTV', '영상', '차례', '지우', 'ㄹ로', '파악', '경호처']","[단독] ""3개월 넘어서 이미.."" 대통령실·안가 CCTV 영상이 지워지고 있다 앵커 대통령경호처를 둘러싼 논란도 계속되고 있습니다 김성훈 차장 등 경호처 실세들이 자리를 지키는 동안 계엄 당시 대통령실과 대통령 안가의 CCTV 영상들이 차례로 지워지고 있는 걸로 파악됐습니다 경호처 직",-1
"[단독] 파면된 대통령 '사적 만찬' 사실이었다…""거의 매일 외부인 불러""",앵커 윤석열 전 대통령이 내일11일 오후 5시 관저에서 나와 서초동 사저로 이동합니다 파면 일주일 만입니다 그런데 이 기간 동안 윤 전 대통령이 거의 매일 외부 인사들을 관저로 불러 식사를 한,2025-04-10 19:29:00,https://news.jtbc.co.kr/article/NB12242281,JTBC,"['앵커', '윤석열', '대통령', '내일', '11', '오후', '관저', '나오', '서초동', '사저', '이동', 'ㅂ니다', '파면', '주일', 'ㅂ니다', '기간', '대통령', '매일', '외부', '인사', '관저', '부르', '식사']","[단독] 파면된 대통령 '사적 만찬' 사실이었다…""거의 매일 외부인 불러"" 앵커 윤석열 전 대통령이 내일11일 오후 5시 관저에서 나와 서초동 사저로 이동합니다 파면 일주일 만입니다 그런데 이 기간 동안 윤 전 대통령이 거의 매일 외부 인사들을 관저로 불러 식사를 한",-1
"[단도직입] 박관천 ""국민들은 자괴감 드는데""…관저서 대체 무슨 일이", 방송  JTBC 오대영 라이브  진행  오대영  저작권은 JTBC 뉴스에 있습니다 인용보도 시 출처를 밝혀주시기 바랍니다  아래 텍스트는 실제 내용과 차이가 있을 수 있습니다 정확한 내용은 영상을,2025-04-10 18:55:00,https://news.jtbc.co.kr/article/NB12242231,JTBC,"['방송', 'JTBC', '오대영', '라이브', '진행', '오대영', '저작', 'JTBC', '뉴스', '인용보도', '출처', '밝히', '바라', 'ㅂ니다', '아래', '텍스트', '실제', '내용', '차이', '정확', '내용', '영상']","[단도직입] 박관천 ""국민들은 자괴감 드는데""…관저서 대체 무슨 일이  방송  JTBC 오대영 라이브  진행  오대영  저작권은 JTBC 뉴스에 있습니다 인용보도 시 출처를 밝혀주시기 바랍니다  아래 텍스트는 실제 내용과 차이가 있을 수 있습니다 정확한 내용은 영상을",-1
"양향자, 이준석과 결별 후 국민의힘 입당…대선 경선 출마",양향자 개혁신당 전 의원이 10일 오후 서울 여의도 국회에서 권영세오른쪽 국민의힘 비상대책위원장에게 입당원서를 전달하기 전 악수하고 있다 사진JTBC 화면 캡처개혁신당의 양향자 전 의원이 탈당 후 국민의힘,2025-04-10 17:44:00,https://news.jtbc.co.kr/article/NB12242291,JTBC,"['양향자', '개혁', '의원', '10', '오후', '서울', '여의도', '국회', '권영세', '오른쪽', '국민', '비상', '대책', '위원장', '입당', '원서', '전달', '악수', '사진', 'JTBC', '화면', '캡처개혁신', '양향자', '의원', '국민의힘']","양향자, 이준석과 결별 후 국민의힘 입당…대선 경선 출마 양향자 개혁신당 전 의원이 10일 오후 서울 여의도 국회에서 권영세오른쪽 국민의힘 비상대책위원장에게 입당원서를 전달하기 전 악수하고 있다 사진JTBC 화면 캡처개혁신당의 양향자 전 의원이 탈당 후 국민의힘",-1
"""윤 王자 떠올라"" 해프닝...안철수 ""손가락 글자, 좋은 반응 많았다""",안철수 국민의힘 의원이 8일 서울 광화문광장 이순신 장군 동상 앞에서 제21대 대통령 선거 출마를 선언한 뒤 취재진 질문에 답하는 가운데 안 의원 왼손 검지에 이효진 원광가 적혀 있다 이효진 원광디지털대학교,2025-04-10 16:45:00,https://news.jtbc.co.kr/article/NB12242249,JTBC,"['안철수', '국민', '의원', '서울', '광화문광장', '이순신', '장군', '동상', '21', '대통령', '선거', '출마', '선언', '취재진', '질문', '가운데', '의원', '왼손', '검지', '이효진', '원광가', '적히', '이효진', '원광디지털대학교']","""윤 王자 떠올라"" 해프닝...안철수 ""손가락 글자, 좋은 반응 많았다"" 안철수 국민의힘 의원이 8일 서울 광화문광장 이순신 장군 동상 앞에서 제21대 대통령 선거 출마를 선언한 뒤 취재진 질문에 답하는 가운데 안 의원 왼손 검지에 이효진 원광가 적혀 있다 이효진 원광디지털대학교",-1
"나경원 ""처절하고 절실한 마음으로 대선 출마""...윤 전 대통령이 '출마 권유' 보도도",나경원 국민의힘 의원이 내일11일 국회 본관 앞 계단에서 대선 출마를 선언한다고 밝혔습니다 나 의원은 국민과 나라를 지키기 위해 처절하고 절실한 마음으로 제21대 대통령선거에 출마한다며 끝까지 대한민국,2025-04-10 15:47:00,https://news.jtbc.co.kr/article/NB12242241,JTBC,"['나경원', '국민', '의원', '내일', '11', '국회', '본관', '계단', '대선', '출마', '선언', 'ㄴ다고', '밝히', '의원', '국민', '나라', '지키', '위하', '처절', '절실하', '마음', '21', '대통령', '선거', '출마', 'ㄴ다며', '대한민국']","나경원 ""처절하고 절실한 마음으로 대선 출마""...윤 전 대통령이 '출마 권유' 보도도 나경원 국민의힘 의원이 내일11일 국회 본관 앞 계단에서 대선 출마를 선언한다고 밝혔습니다 나 의원은 국민과 나라를 지키기 위해 처절하고 절실한 마음으로 제21대 대통령선거에 출마한다며 끝까지 대한민국",-1
"""한덕수의 날이더라"" CNN 인터뷰까지..조갑제가 본 속마음 [논/쟁]", 방송  JTBC 논쟁  진행  오대영  저작권은 JTBC 뉴스에 있습니다 인용보도 시 출처를 밝혀주시기 바랍니다  아래 텍스트는 실제 내용과 차이가 있을 수 있습니다 정확한 내용은 영상을 통해 확,2025-04-10 14:41:00,https://news.jtbc.co.kr/article/NB12242135,JTBC,"['방송', 'JTBC', '논쟁', '진행', '오대영', '저작', 'JTBC', '뉴스', '인용보도', '출처', '밝히', '바라', 'ㅂ니다', '아래', '텍스트', '실제', '내용', '차이', '정확', '내용', '영상', '통하']","""한덕수의 날이더라"" CNN 인터뷰까지..조갑제가 본 속마음 [논/쟁]  방송  JTBC 논쟁  진행  오대영  저작권은 JTBC 뉴스에 있습니다 인용보도 시 출처를 밝혀주시기 바랍니다  아래 텍스트는 실제 내용과 차이가 있을 수 있습니다 정확한 내용은 영상을 통해 확",-1
"이재명, 오늘 다큐 형식 '출마 선언'…국힘 경선은 최대 20명 도전",앵커 조기 대선이 다가오고 있습니다 더불어민주당 이재명 전 대표가 오늘10일 짧은 영상을 내고 대선 공식 출마를 선언하고 한동훈 전 국민의힘 대표도 오늘 출사표를 던집니다 연일 출마 선언이 속출하는 국,2025-04-10 08:12:00,https://news.jtbc.co.kr/article/NB12242157,JTBC,"['앵커', '조기', '대선', '다가오', '더불어민주당', '이재명', '대표', '오늘', '10', '영상', '대선', '공식', '출마', '선언', '한동훈', '국민의힘', '대표', '오늘', '출사표', '던지', 'ㅂ니다', '연일', '출마', '선언', '속출']","이재명, 오늘 다큐 형식 '출마 선언'…국힘 경선은 최대 20명 도전 앵커 조기 대선이 다가오고 있습니다 더불어민주당 이재명 전 대표가 오늘10일 짧은 영상을 내고 대선 공식 출마를 선언하고 한동훈 전 국민의힘 대표도 오늘 출사표를 던집니다 연일 출마 선언이 속출하는 국",-1
